-,ꢂ,ꢂꢒꢬꢵꢡꢶ,sourashtra,,,'ꢂꢒꢬꢡ':1 'akaraati':2 'akarati':3 'akarāti':4 'dictionary':5 'அகரம':6 'தல':7 'அகர':8,education|knowledge|learning,अकराति|அகராதி|akaraati|akarAti|akarāti|əkəɾɑːt̪ɪ,,"{""""script"""":""""sourashtra"""",""""category"""":""""noun"""",""""type"""":""""abstract""""}"
^,,dictionary,english,,english,,education|knowledge|learning,,noun,
^,,அகரமுதலி / அகராதி,tamil,,tamil,'அகரமதலஅகரத':1 'dictionary':2 'அகரம':3 'தல':4 'அகர':5,education|knowledge|learning,அகராதி,noun,
-,ꢥ,ꢥꢶꢒꢠ꣄ꢜꢸ,sourashtra,,,'ꢥꢒꢠꢜ':1 'nikantu':2 'nikaṇṭu':3 'dictionary':4 'அகரம':5 'தல':6 'அகர':7,education|knowledge|learning,निकण्टु|நிகண்டு|nikant'u|nikaNTu|nikaṇṭu|n̪ɪkəɳʈu,,"{""""script"""":""""sourashtra"""",""""category"""":""""noun"""",""""type"""":""""abstract""""}"
^,,dictionary,english,,english,,education|knowledge|learning,,noun,
^,,அகரமுதலி / அகராதி,tamil,,tamil,'அகரமதலஅகரத':1 'dictionary':2 'அகரம':3 'தல':4 'அகர':5,education|knowledge|learning,நிகண்டு,noun,
-,ꢒ,ꢒꣂꢰ꣄,sourashtra,,,'ꢒꢰ':1 'kosh':2 'kos':3 'koṣ':4 'dictionary':5 'அகரம':6 'தல':7 'அகர':8,education|knowledge|learning,कोष|கோஷ்|kosh|koS|koṣ|koːʂ,,"{""""script"""":""""sourashtra"""",""""category"""":""""noun"""",""""type"""":""""abstract""""}"
^,,dictionary,english,,english,,education|knowledge|learning,,noun,
^,,அகரமுதலி / அகராதி,tamil,,tamil,'அகரமதலஅகரத':1 'dictionary':2 'அகரம':3 'தல':4 'அகர':5,education|knowledge|learning,கோஷ்,noun,
-,ꢂ,ꢂꢤ꣄ꢫꢵꢫ꣄,sourashtra,,,'ꢂꢤꢫꢫ':1 'adhyaay':2 'adhyay':3 'adhyāy':4 'chapter':5 'அத':6 'யம':7,education|knowledge|learning,अध्याय|அத்4யாய்|adhyaay|adhyAy|adhyāy|əd̪ʰjɑːj,,"{""""script"""":""""sourashtra"""",""""category"""":""""noun"""",""""type"""":""""abstract""""}"
^,,chapter,english,,english,,education|knowledge|learning,,noun,
^,,அத்தியாயம்,tamil,,tamil,'அததயயம':1 'chapter':2 'அத':3 'யம':4,education|knowledge|learning,அத்4யாய்,noun,
-,ꢮ,ꢮꢶꢣꢿꢯꢸ ꢩꢵꢰꣁ,sourashtra,,,'ꢮꢣꢯꢩꢰ':1 'videshubhaasho':2 'videzubhaso':3 'videśubhāṣŏ':4 'foreign':5 'language':6 'அயல':7,education|knowledge|learning,विदेशु भाषा॑|விதே3ஶு பா4ஷொ|videshu bhaasho'|videzu bhASO|videśu bhāṣŏ|ʋɪd̪eːʃu bʰɑːʂo,,"{""""script"""":""""sourashtra"""",""""category"""":""""noun"""",""""type"""":""""abstract""""}"
^,,foreign language,english,,english,,education|knowledge|learning,,noun,
^,,அயல்மொழி,tamil,,tamil,'அயலமழ':1 'foreign':2 'language':3 'அயல':4,education|knowledge|learning,விதே3ஶு பா4ஷொ,noun,
-,ꢬ,ꢬꢵꢙꢥꢷꢡꢶ,sourashtra,,,'ꢬꢙꢥꢡ':1 'raajaneeti':2 'rajaniti':3 'rājanīti':4 'politics':5 'அரச':6 'யல':7,education|knowledge|learning,राजनीति|ராஜநீதி|raajaneeti|rAjanIti|rājanīti|ɾɑːd͡ʒən̪iːt̪ɪ,,"{""""script"""":""""sourashtra"""",""""category"""":""""noun"""",""""type"""":""""abstract""""}"
^,,politics,english,,english,,education|knowledge|learning,,noun,
^,,அரசியல்,tamil,,tamil,'அரசயல':1 'politics':2 'அரச':3 'யல':4,education|knowledge|learning,ராஜநீதி,noun,
-,ꢬ,ꢬꢵꢙꢥꢷꢡꢶ ꢱꢵꢱ꣄ꢡ꣄ꢬꢸ,sourashtra,,,'ꢬꢙꢥꢡꢱꢱꢡꢬ':1 'raajaneetisaastru':2 'rajanitisastru':3 'rājanītisāstru':4 'political':5 'science':6 'அரச':7 'யல':8,education|knowledge|learning,राजनीति सास्त्रु|ராஜநீதி ஸாஸ்த்ரு|raajaneeti saastru|rAjanIti sAstru|rājanīti sāstru|ɾɑːd͡ʒən̪iːt̪ɪ s̪ɑːs̪t̪ɾu,,"{""""script"""":""""sourashtra"""",""""category"""":""""noun"""",""""type"""":""""abstract""""}"
^,,political science,english,,english,,education|knowledge|learning,,noun,
^,,அரசியலியல்,tamil,,tamil,'அரசயலயல':1 'political':2 'science':3 'அரச':4 'யல':5,education|knowledge|learning,ராஜநீதி ஸாஸ்த்ரு,noun,
-,ꢬ,ꢬꢵꢙꢥꢷꢡꢶ ꢛꢵꢥ꣄,sourashtra,,,'ꢬꢙꢥꢡꢛꢥ':1 'raajaneetinyaan':2 'rajanitijan':3 'rājanītiñān':4 'political':5 'science':6 'அரச':7 'யல':8,education|knowledge|learning,राजनीति ञान्|ராஜநீதி ஞான்|raajaneeti nyaan|rAjanIti JAn|rājanīti ñān|ɾɑːd͡ʒən̪iːt̪ɪ ɲɑːn̪,,"{""""script"""":""""sourashtra"""",""""category"""":""""noun"""",""""type"""":""""abstract""""}"
^,,political science,english,,english,,education|knowledge|learning,,noun,
^,,அரசியலியல்,tamil,,tamil,'அரசயலயல':1 'political':2 'science':3 'அரச':4 'யல':5,education|knowledge|learning,ராஜநீதி ஞான்,noun,
-,ꢒ,ꢒꢵꢬ꣄ꢫꢵꢭꢫꣁ,sourashtra,,,'ꢒꢬꢫꢭꢫ':1 'kaaryaalayo':2 'karyalayo':3 'kāryālayŏ':4 'office':5 'அல':6 'வலகம':7,education|knowledge|learning,कार्यलया॑|கார்யாலயொ|kaaryaalayo'|kAryAlayO|kāryālayŏ|kɑːɾjɑːləjo,,"{""""script"""":""""sourashtra"""",""""category"""":""""noun"""",""""type"""":""""abstract""""}"
^,,office,english,,english,,education|knowledge|learning,,noun,
^,,அலுவலகம்,tamil,,tamil,'அலவலகம':1 'office':2 'அல':3 'வலகம':4,education|knowledge|learning,கார்யாலயொ,noun,
-,ꢱ,ꢱꢣꢸꢰ꣄ꢜꢪ꣄,sourashtra,,,'ꢱꢣꢰꢜꢪ':1 'sadushtam':2 'sadustam':3 'saduṣṭam':4 'clue':5 'அற':6,education|knowledge|learning,सदुष्टम्|ஸது3ஷ்டம்|sadusht'am|saduSTam|saduṣṭam|s̪əd̪uʂʈəm,,"{""""script"""":""""sourashtra"""",""""category"""":""""noun"""",""""type"""":""""abstract""""}"
^,,clue,english,,english,,education|knowledge|learning,,noun,
^,,அறிகுறி,tamil,,tamil,'அறகற':1 'clue':2 'அற':3,education|knowledge|learning,ஸது3ஷ்டம்,noun,
-,ꢱ,ꢱꢾꢔꢸꢠ,sourashtra,,,'ꢱꢔꢠ':1 'seguna':2 'sĕguṇa':3 'clue':4 'அற':5,education|knowledge|learning,स॑गुन|ஸெகு3ன்|se'guna|sEguNa|sĕguṇa|s̪eguɳə,,"{""""script"""":""""sourashtra"""",""""category"""":""""noun"""",""""type"""":""""abstract""""}"
^,,clue,english,,english,,education|knowledge|learning,,noun,
^,,அறிகுறி,tamil,,tamil,'அறகற':1 'clue':2 'அற':3,education|knowledge|learning,ஸெகு3ன்,noun,
-,꣄,꣄ ꢱꢹꢱꢥꣁ,sourashtra,,,'ꢱꢱꢥ':1 'soosano':2 'susano':3 'sūsanŏ':4 'clue':5 'அற':6,education|knowledge|learning,सूचना॑|ஸூசனொ|soosano'|sUsanO|sūsanŏ|s̪uːs̪ən̪o,,"{""""script"""":""""sourashtra"""",""""category"""":""""noun"""",""""type"""":""""abstract""""}"
^,,clue,english,,english,,education|knowledge|learning,,noun,
^,,அறிகுறி,tamil,,tamil,'அறகற':1 'clue':2 'அற':3,education|knowledge|learning,ஸூசனொ,noun,
-,ꢮ,ꢮꢶꢔ꣄ꢛꢵꢥ꣄,sourashtra,,,'ꢮꢔꢛꢥ':1 'vignjaan':2 'vigjan':3 'vigñān':4 'science':5 'அற':6 'யல':7,education|knowledge|learning,विगञान्|விக்3ஞான்|vignjaan|vigJAn|vigñān|ʋɪgɲɑːn̪,,"{""""script"""":""""sourashtra"""",""""category"""":""""noun"""",""""type"""":""""abstract""""}"
^,,science,english,,english,,education|knowledge|learning,,noun,
^,,அறிவியல்,tamil,,tamil,'அறவயல':1 'science':2 'அற':3 'யல':4,education|knowledge|learning,விக்3ஞான்,noun,
-,ꢮ,ꢮꢣ꣄ꢣꢶ,sourashtra,,,'ꢮꢣꢣ':1 'vaddi':2 'teacher':3 'ஆச':4 'யர':5,education|knowledge|learning,वद्दि|வத்3தி3|vaddi|vaddi|vaddi|ʋəd̪d̪ɪ,,"{""""script"""":""""sourashtra"""",""""category"""":""""noun"""",""""type"""":""""abstract""""}"
^,,teacher,english,,english,,education|knowledge|learning,,noun,
^,,ஆசிரியர்,tamil,,tamil,'ஆசரயர':1 'teacher':2 'ஆச':3 'யர':4,education|knowledge|learning,வத்3தி3,noun,
-,ꢏ,ꢏꢣ꣄ꢣꢶ,sourashtra,,,'ꢏꢣꢣ':1 'oddi':2 'ŏddi':3 'teacher':4 'ஆச':5 'யர':6,education|knowledge|learning,आ॑द्दि|ஒத்3தி3|o'ddi|Oddi|ŏddi|od̪d̪ɪ,,"{""""script"""":""""sourashtra"""",""""category"""":""""noun"""",""""type"""":""""abstract""""}"
^,,teacher,english,,english,,education|knowledge|learning,,noun,
^,,ஆசிரியர்,tamil,,tamil,'ஆசரயர':1 'teacher':2 'ஆச':3 'யர':4,education|knowledge|learning,ஒத்3தி3,noun,
-,ꢏ,ꢏꢬ꣄ꢱꢸꢦꢬꢶꢰꢾ,sourashtra,,,'ꢏꢬꢱꢦꢬꢰ':1 'orsuparishe':2 'orsuparise':3 'ŏrsupariṣĕ':4 'annual':5 'examination':6 'ஆண':7,education|knowledge|learning,आ॑र्सुपरिक्षो|ஒர்ஸுபரிக்ஷொ|o'rsuparishe'|OrsupariSE|ŏrsupariṣĕ|oɾs̪upəɾɪʂe,,"{""""script"""":""""sourashtra"""",""""category"""":""""noun"""",""""type"""":""""abstract""""}"
^,,annual examination,english,,english,,education|knowledge|learning,,noun,
^,,ஆண்டுத் தேர்வு,tamil,,tamil,'ஆணடததரவ':1 'annual':2 'examination':3 'ஆண':4,education|knowledge|learning,ஒர்ஸுபரிக்ஷொ,noun,
-,ꢮ,ꢮꢵꢬ꣄ꢯꢶꢒ ꢦꢬꢶꢒ꣄ꢰꣁ,sourashtra,,,'ꢮꢬꢯꢒꢦꢬꢒꢰ':1 'vaarshikapariksho':2 'varzikaparikso':3 'vārśikaparikṣŏ':4 'annual':5 'examination':6 'ஆண':7,education|knowledge|learning,वार्षिक परिक्षो|வார்ஷிக பரிக்ஷொ|vaarshika pariksho'|vArzika parikSO|vārśika parikṣŏ|ʋɑːɾʃɪkə pəɾɪkʂo,,"{""""script"""":""""sourashtra"""",""""category"""":""""noun"""",""""type"""":""""abstract""""}"
^,,annual examination,english,,english,,education|knowledge|learning,,noun,
^,,ஆண்டுத் தேர்வு,tamil,,tamil,'ஆணடததரவ':1 'annual':2 'examination':3 'ஆண':4,education|knowledge|learning,வார்ஷிக பரிக்ஷொ,noun,
-,ꢏ,ꢏꢬ꣄ꢱꢸꢮꣀꢩꢮ꣄,sourashtra,,,'ꢏꢬꢱꢮꢩꢮ':1 'orsuvaibhav':2 'ŏrsuvaibhav':3 'annual':4 'function':5 'ஆண':6,education|knowledge|learning,आ॑र्सुवैभव्|ஒர்ஸுவைப4வ்|o'rsuvaibhav|Orsuvaibhav|ŏrsuvaibhav|oɾs̪uʋəɪbʰəʋ,,"{""""script"""":""""sourashtra"""",""""category"""":""""noun"""",""""type"""":""""abstract""""}"
^,,annual function,english,,english,,education|knowledge|learning,,noun,
^,,ஆண்டு விழா,tamil,,tamil,'ஆணடவழ':1 'annual':2 'function':3 'ஆண':4,education|knowledge|learning,ஒர்ஸுவைப4வ்,noun,
-,ꢱ,ꢱꢪ꣄ꢱꣂꢤꢥꣁ,sourashtra,,,'ꢱꢪꢱꢤꢥ':1 'samsodhano':2 'samsodhanŏ':3 'research':4 'ஆய':5,education|knowledge|learning,सम्सोधना॑|ஸம்ஸோத4னொ|samsodhano'|samsodhanO|samsodhanŏ|s̪əms̪oːd̪ʰən̪o,,"{""""script"""":""""sourashtra"""",""""category"""":""""noun"""",""""type"""":""""abstract""""}"
^,,research,english,,english,,education|knowledge|learning,,noun,
^,,ஆய்வு,tamil,,tamil,'ஆயவ':1 'research':2 'ஆய':3,education|knowledge|learning,ஸம்ஸோத4னொ,noun,
-,ꢱ,ꢱꢪ꣄ꢱꣂꢤꢥꢱꢵꢭꣁ,sourashtra,,,'ꢱꢪꢱꢤꢥꢱꢭ':1 'samsodhanasaalo':2 'samsodhanasalo':3 'samsodhanasālŏ':4 'research':5 'laboratory':6 'ஆய':7 'டம':8,education|knowledge|learning,सम्सोधनसाला॑|ஸம்ஸோத4னஸாலொ|samsodhanasaalo'|samsodhanasAlO|samsodhanasālŏ|s̪əms̪oːd̪ʰən̪əs̪ɑːlo,,"{""""script"""":""""sourashtra"""",""""category"""":""""noun"""",""""type"""":""""abstract""""}"
^,,research laboratory,english,,english,,education|knowledge|learning,,noun,
^,,ஆய்வுக் கூடம்,tamil,,tamil,'ஆயவககடம':1 'research':2 'laboratory':3 'ஆய':4 'டம':5,education|knowledge|learning,ஸம்ஸோத4னஸாலொ,noun,
-,ꢱ,ꢱꢪ꣄ꢱꣂꢤꢥꢵꢦꣁꢡꢶ,sourashtra,,,'ꢱꢪꢱꢤꢥꢦꢡ':1 'samsodhanaapoti':2 'samsodhanapoti':3 'samsodhanāpŏti':4 'thesis':5 'ஆய':6,education|knowledge|learning,सम्सोधनापा॑ति|ஸம்ஸோத4னாபொதி|samsodhanaapo'ti|samsodhanApOti|samsodhanāpŏti|s̪əms̪oːd̪ʰən̪ɑːpot̪ɪ,,"{""""script"""":""""sourashtra"""",""""category"""":""""noun"""",""""type"""":""""abstract""""}"
^,,thesis,english,,english,,education|knowledge|learning,,noun,
^,,ஆய்வுநூல்,tamil,,tamil,'ஆயவநல':1 'thesis':2 'ஆய':3,education|knowledge|learning,ஸம்ஸோத4னாபொதி,noun,
-,ꢱ,ꢱꢪ꣄ꢱꣂꢤꢥꢵ,sourashtra,,,'ꢱꢪꢱꢤꢥ':1 'samsodhanaa':2 'samsodhana':3 'samsodhanā':4 'research':5 'scholar':6 'ஆய':7 'ணவர':8,education|knowledge|learning,सम्सोधना|ஸம்ஸோத4னா|samsodhanaa|samsodhanA|samsodhanā|s̪əms̪oːd̪ʰən̪ɑː,,"{""""script"""":""""sourashtra"""",""""category"""":""""noun"""",""""type"""":""""abstract""""}"
^,,research scholar,english,,english,,education|knowledge|learning,,noun,
^,,ஆய்வு மாணவர்,tamil,,tamil,'ஆயவமணவர':1 'research':2 'scholar':3 'ஆய':4 'ணவர':5,education|knowledge|learning,ஸம்ஸோத4னா,noun,
-,ꢮ,ꢮ꣄ꢫꢒ꣄ꢡꢶꢩꢵꢮ꣄,sourashtra,,,'ꢮꢫꢒꢡꢩꢮ':1 'vyaktibhaav':2 'vyaktibhav':3 'vyaktibhāv':4 'personality':5 'ஆள':6,education|knowledge|learning|person,व्यक्तिभाव्|வ்யக்திபா4வ்|vyaktibhaav|vyaktibhAv|vyaktibhāv|ʋjəkt̪ɪbʰɑːʋ,,"{""""script"""":""""sourashtra"""",""""category"""":""""noun"""",""""type"""":""""concrete""""}"
^,,personality,english,,english,,education|knowledge|learning|person,,noun,
^,,ஆளுமை,tamil,,tamil,'ஆளம':1 'personality':2 'ஆள':3,education|knowledge|learning|person,வ்யக்திபா4வ்,noun,
-,ꢱ,ꢱ꣄ꢮꢩꢵꢮ꣄,sourashtra,,,'ꢱꢮꢩꢮ':1 'svabhaav':2 'svabhav':3 'svabhāv':4 'personality':5 'ஆள':6,education|knowledge|learning|person,स्वभाव्|ஸ்வபா4வ்|svabhaav|svabhAv|svabhāv|s̪ʋəbʰɑːʋ,,"{""""script"""":""""sourashtra"""",""""category"""":""""noun"""",""""type"""":""""concrete""""}"
^,,personality,english,,english,,education|knowledge|learning|person,,noun,
^,,ஆளுமை,tamil,,tamil,'ஆளம':1 'personality':2 'ஆள':3,education|knowledge|learning|person,ஸ்வபா4வ்,noun,
-,ꢱ,ꢱꢪꢡ꣄ꢡꢸ,sourashtra,,,'ꢱꢪꢡꢡ':1 'samattu':2 'skill':3 'ஆற':4 'றல':5 'றன':6,education|knowledge|learning,समत्तु|ஸமத்து|samattu|samattu|samattu|s̪əmət̪t̪u,,"{""""script"""":""""sourashtra"""",""""category"""":""""noun"""",""""type"""":""""abstract""""}"
^,,skill,english,,english,,education|knowledge|learning,,noun,
^,,ஆற்றல்/ திறன்,tamil,,tamil,'ஆறறலதறன':1 'skill':2 'ஆற':3 'றல':4 'றன':5,education|knowledge|learning,ஸமத்து,noun,
-,ꢥ,ꢥꢶꢦꢸꢠꢡ꣄ꢮꣁ,sourashtra,,,'ꢥꢦꢠꢡꢮ':1 'nipunatvo':2 'nipuṇatvŏ':3 'skill':4 'ஆற':5 'றல':6 'றன':7,education|knowledge|learning,निपुणत्वा॑|நிபுணத்வொ|nipunatvo'|nipuNatvO|nipuṇatvŏ|n̪ɪpuɳət̪ʋo,,"{""""script"""":""""sourashtra"""",""""category"""":""""noun"""",""""type"""":""""abstract""""}"
^,,skill,english,,english,,education|knowledge|learning,,noun,
^,,ஆற்றல்/ திறன்,tamil,,tamil,'ஆறறலதறன':1 'skill':2 'ஆற':3 'றல':4 'றன':5,education|knowledge|learning,நிபுணத்வொ,noun,
-,ꢱ,ꢱꢖ꣄ꢒꢷꢡ ꢒꢠ꣄ꢱꢵꢭꣁ,sourashtra,,,'ꢱꢖꢒꢡꢒꢠꢱꢭ':1 'sankeetakansaalo':2 'sagkitakansalo':3 'saṅkītakaṇsālŏ':4 'music':5 'college':6 'இச':7 'கல':8,education|knowledge|learning,सङकीतकलासाला॑|ஸங்கீ3தகலாஸாலொ|sankeeta kansaalo'|saGkIta kaNsAlO|saṅkīta kaṇsālŏ|s̪əŋkiːt̪ə kəɳs̪ɑːlo,,"{""""script"""":""""sourashtra"""",""""category"""":""""noun"""",""""type"""":""""abstract""""}"
^,,music college,english,,english,,education|knowledge|learning,,noun,
^,,இசைக்கல்லூரி,tamil,,tamil,'இசககலலர':1 'music':2 'college':3 'இச':4 'கல':5,education|knowledge|learning,ஸங்கீ3தகலாஸாலொ,noun,
-,ꢂ,ꢂꢤ꣄ꢫꢵꢫ꣄,sourashtra,,,'ꢂꢤꢫꢫ':1 'adhyaay':2 'adhyay':3 'adhyāy':4 'chapter':5 'இயல':6,education|knowledge|learning,अध्याय|அத்4யாய்|adhyaay|adhyAy|adhyāy|əd̪ʰjɑːj,,"{""""script"""":""""sourashtra"""",""""category"""":""""noun"""",""""type"""":""""abstract""""}"
^,,chapter,english,,english,,education|knowledge|learning,,noun,
^,,இயல்,tamil,,tamil,'இயல':1 'chapter':2,education|knowledge|learning,அத்4யாய்,noun,
-,ꢦ,ꢦ꣄ꢬꢒꢺꢡꢶ,sourashtra,,,'ꢦꢬꢒꢡ':1 'prakriti':2 'prakrti':3 'prakṛti':4 'nature':5 'இயற':6,education|knowledge|learning,प्रकृति|ப்ரகிருதி|prakri'ti|prakRti|prakṛti|pɾəkɾɨt̪ɪ,,"{""""script"""":""""sourashtra"""",""""category"""":""""noun"""",""""type"""":""""abstract""""}"
^,,nature,english,,english,,education|knowledge|learning,,noun,
^,,இயற்கை,tamil,,tamil,'இயறக':1 'nature':2 'இயற':3,education|knowledge|learning,ப்ரகிருதி,noun,
-,ꢮ,ꢮ꣄ꢫꢵꢒꢬꢠꣁ,sourashtra,,,'ꢮꢫꢒꢬꢠ':1 'vyaakarano':2 'vyakarano':3 'vyākaraṇŏ':4 'grammar':5 'இலக':6 'கணம':7,education|knowledge|learning,व्याकरणा॑|வ்யாகரணொ|vyaakarano'|vyAkaraNO|vyākaraṇŏ|ʋjɑːkəɾəɳo,,"{""""script"""":""""sourashtra"""",""""category"""":""""noun"""",""""type"""":""""abstract""""}"
^,,grammar,english,,english,,education|knowledge|learning,,noun,
^,,இலக்கணம்,tamil,,tamil,'இலககணம':1 'grammar':2 'இலக':3 'கணம':4,education|knowledge|learning,வ்யாகரணொ,noun,
-,ꢱ,ꢱꢵꢲꢶꢡ꣄ꢫꣁ,sourashtra,,,'ꢱꢲꢡꢫ':1 'saahityo':2 'sahityo':3 'sāhityŏ':4 'literature':5 'இலக':6 'யம':7,education|knowledge|learning,साहित्या॑|ஸாஹித்யொ|saahityo'|sAhityO|sāhityŏ|s̪ɑːɦɪt̪jo,,"{""""script"""":""""sourashtra"""",""""category"""":""""noun"""",""""type"""":""""abstract""""}"
^,,literature,english,,english,,education|knowledge|learning,,noun,
^,,இலக்கியம்,tamil,,tamil,'இலககயம':1 'literature':2 'இலக':3 'யம':4,education|knowledge|learning,ஸாஹித்யொ,noun,
-,ꢔ,ꢔ꣄ꢣ꣄ꢫꣁ,sourashtra,,,'ꢔꢣꢫ':1 'gdyo':2 'gdyŏ':3 'prose':4 'உர':5 'நட':6,education|knowledge|learning,गद्या॑|க3த்3யொ|gdyo'|gdyO|gdyŏ|gd̪jo,,"{""""script"""":""""sourashtra"""",""""category"""":""""noun"""",""""type"""":""""abstract""""}"
^,,prose,english,,english,,education|knowledge|learning,,noun,
^,,உரைநடை,tamil,,tamil,'உரநட':1 'prose':2 'உர':3 'நட':4,education|knowledge|learning,க3த்3யொ,noun,
-,ꢱ,ꢱꢪ꣄ꢩꢵꢰꢠꣁ,sourashtra,,,'ꢱꢪꢩꢰꢠ':1 'sambhaashano':2 'sambhasano':3 'sambhāṣaṇŏ':4 'conversation':5 'உர':6 'டல':7,education|knowledge|learning,सम्भाषणा॑|ஸம்பா4ஷணொ|sambhaashano'|sambhASaNO|sambhāṣaṇŏ|s̪əmbʰɑːʂəɳo,,"{""""script"""":""""sourashtra"""",""""category"""":""""noun"""",""""type"""":""""abstract""""}"
^,,conversation,english,,english,,education|knowledge|learning,,noun,
^,,உரையாடல்,tamil,,tamil,'உரயடல':1 'conversation':2 'உர':3 'டல':4,education|knowledge|learning,ஸம்பா4ஷணொ,noun,
-,ꢭ,ꢭꢶꢓ꣄꣄ꢭꣁ,sourashtra,,,'ꢭꢓꢭ':1 'likhlo':2 'likhlŏ':3 'pen':4 'pencil':5 'எழ':6,education|knowledge|learning,लिख्ला॑|லிக்2லொ|likhlo'|likhlO|likhlŏ|lɪkʰlo,,"{""""script"""":""""sourashtra"""",""""category"""":""""noun"""",""""type"""":""""abstract""""}"
^,,"pen, pencil",english,,english,,education|knowledge|learning,,noun,
^,,எழுதுகோல்,tamil,,tamil,'எழதகல':1 'pen':2 'pencil':3 'எழ':4,education|knowledge|learning,லிக்2லொ,noun,
-,ꢡ,ꢡꢬꢾ,sourashtra,,,'ꢡꢬ':1 'tare':2 'tarĕ':3 'fee':4 'கட':5 'டணம':6,education|knowledge|learning,तरा॑|கரொ|tare'|tarE|tarĕ|t̪əɾe,,"{""""script"""":""""sourashtra"""",""""category"""":""""noun"""",""""type"""":""""abstract""""}"
^,,fee,english,,english,,education|knowledge|learning,,noun,
^,,கட்டணம்,tamil,,tamil,'கடடணம':1 'fee':2 'கட':3 'டணம':4,education|knowledge|learning,கரொ,noun,
-,ꢮ,ꢮ꣄ꢫꢵꢱꣁ,sourashtra,,,'ꢮꢫꢱ':1 'vyaaso':2 'vyaso':3 'vyāsŏ':4 'essay':5 'கட':6,education|knowledge|learning,व्यासा॑|வ்யாஸொ|vyaaso'|vyAsO|vyāsŏ|ʋjɑːs̪o,,"{""""script"""":""""sourashtra"""",""""category"""":""""noun"""",""""type"""":""""abstract""""}"
^,,essay,english,,english,,education|knowledge|learning,,noun,
^,,கட்டுரை,tamil,,tamil,'கடடர':1 'essay':2 'கட':3,education|knowledge|learning,வ்யாஸொ,noun,
-,ꢭ,ꢭꢾꢓꢸ,sourashtra,,,'ꢭꢓ':1 'lekhu':2 'lĕkhu':3 'letter':4 'கட':5 'தம':6,education|knowledge|learning,लेखु|லேகு2|le'khu|lEkhu|lĕkhu|lekʰu,,"{""""script"""":""""sourashtra"""",""""category"""":""""noun"""",""""type"""":""""abstract""""}"
^,,letter,english,,english,,education|knowledge|learning,,noun,
^,,கடிதம்,tamil,,tamil,'கடதம':1 'letter':2 'கட':3 'தம':4,education|knowledge|learning,லேகு2,noun,
-,ꢭ,ꢭꢴꢾꢓꣁ,sourashtra,,,'ꢭꢓ':1 'lhekho':2 'lhĕkhŏ':3 'arithmetic':4 'account':5 'கணக':6,education|knowledge|learning,ल्ह॑खा॑|லெ:கொ2|lhe'kho'|lhEkhO|lhĕkhŏ|lɦekʰo,,"{""""script"""":""""sourashtra"""",""""category"""":""""noun"""",""""type"""":""""abstract""""}"
^,,"arithmetic, account",english,,english,,education|knowledge|learning,,noun,
^,,கணக்கு,tamil,,tamil,'கணகக':1 'arithmetic':2 'account':3 'கணக':4,education|knowledge|learning,லெ:கொ2,noun,
-,ꢲ,ꢲꢷꢱꢸ,sourashtra,,,'ꢲꢱ':1 'heesu':2 'hisu':3 'hīsu':4 'arithmetic':5 'account':6 'கணக':7,education|knowledge|learning,हीसु|ஹீஸு|heesu|hIsu|hīsu|ɦiːs̪u,,"{""""script"""":""""sourashtra"""",""""category"""":""""noun"""",""""type"""":""""abstract""""}"
^,,"arithmetic, account",english,,english,,education|knowledge|learning,,noun,
^,,கணக்கு,tamil,,tamil,'கணகக':1 'arithmetic':2 'account':3 'கணக':4,education|knowledge|learning,ஹீஸு,noun,
-,ꢔ,ꢔꢠꢶꢶꢡ꣄,sourashtra,,,'ꢔꢠꢡ':1 'ganiit':2 'gaṇiit':3 'mathematics':4 'கண':5 'தம':6,education|knowledge|learning,गणित्|க3ணித்|ganiit|gaNiit|gaṇiit|gəɳɪɪt̪,,"{""""script"""":""""sourashtra"""",""""category"""":""""noun"""",""""type"""":""""abstract""""}"
^,,mathematics,english,,english,,education|knowledge|learning,,noun,
^,,கணிதம்,tamil,,tamil,'கணதம':1 'mathematics':2 'கண':3 'தம':4,education|knowledge|learning,க3ணித்,noun,
-,ꢓ,ꢓꢾꢥꢶ,sourashtra,,,'ꢓꢥ':1 'kheni':2 'khĕni':3 'story':4 'கத':5,education|knowledge|learning,ख॑नि|கெ2னி|khe'ni|khEni|khĕni|kʰen̪ɪ,,"{""""script"""":""""sourashtra"""",""""category"""":""""noun"""",""""type"""":""""abstract""""}"
^,,story,english,,english,,education|knowledge|learning,,noun,
^,,கதை,tamil,,tamil,'கத':1 'story':2,education|knowledge|learning,கெ2னி,noun,
-,ꢓ,ꢓꢾꢡꣁ,sourashtra,,,'ꢓꢡ':1 'kheto':2 'khĕtŏ':3 'story':4 'கத':5,education|knowledge|learning,ख॑ता॑|கெ2தொ|khe'to'|khEtO|khĕtŏ|kʰet̪o,,"{""""script"""":""""sourashtra"""",""""category"""":""""noun"""",""""type"""":""""abstract""""}"
^,,story,english,,english,,education|knowledge|learning,,noun,
^,,கதை,tamil,,tamil,'கத':1 'story':2,education|knowledge|learning,கெ2தொ,noun,
-,ꢂ,ꢂꢩꢶꢦ꣄ꢬꢵꢫꢸ ꢱꢣꢱ꣄,sourashtra,,,'ꢂꢩꢦꢬꢫꢱꢣꢱ':1 'abhipraayusadas':2 'abhiprayusadas':3 'abhiprāyusadas':4 'seminar':5 'கர':6 'தரங':7,education|knowledge|learning,अभिप्रायु सदस|அபி4ப்ராயு ஸத3ஸ்|abhipraayu sadas|abhiprAyu sadas|abhiprāyu sadas|əbʰɪpɾɑːju s̪əd̪əs̪,,"{""""script"""":""""sourashtra"""",""""category"""":""""noun"""",""""type"""":""""abstract""""}"
^,,seminar,english,,english,,education|knowledge|learning,,noun,
^,,கருத்தரங்கு,tamil,,tamil,'கரததரஙக':1 'seminar':2 'கர':3 'தரங':4,education|knowledge|learning,அபி4ப்ராயு ஸத3ஸ்,noun,
-,ꢒ,ꢒꢭꢵ ꢱꢵꢭꣁ,sourashtra,,,'ꢒꢭꢱꢭ':1 'kalaasaalo':2 'kalasalo':3 'kalāsālŏ':4 'college':5 'கல':6,education|knowledge|learning,कलासाला॑|கலாஸாலொ|kalaa saalo'|kalA sAlO|kalā sālŏ|kəlɑː s̪ɑːlo,,"{""""script"""":""""sourashtra"""",""""category"""":""""noun"""",""""type"""":""""abstract""""}"
^,,college,english,,english,,education|knowledge|learning,,noun,
^,,கல்லூரி,tamil,,tamil,'கலலர':1 'college':2 'கல':3,education|knowledge|learning,கலாஸாலொ,noun,
-,ꢅ,ꢅꢔꢸ ꢮꢶꢣ꣄ꢫꣁ ꢗꢾꢣꢸꢮ꣄,sourashtra,,,'ꢅꢔꢮꢣꢫꢗꢣꢮ':1 'eeguvidyocheduv':2 'iguvidyoceduv':3 'īguvidyŏcĕduv':4 'education':5 'கல':6,education|knowledge|learning,ईगु|ஈகு3|eegu vidyo' che'duv|Igu vidyO cEduv|īgu vidyŏ cĕduv|iːgu ʋɪd̪jo t͡ʃed̪uʋ,,"{""""script"""":""""sourashtra"""",""""category"""":""""noun"""",""""type"""":""""abstract""""}"
^,,education,english,,english,,education|knowledge|learning,,noun,
^,,கல்வி,tamil,,tamil,'கலவ':1 'education':2 'கல':3,education|knowledge|learning,ஈகு3,noun,
-,ꢅ,ꢅꢔꢸ ꢮꢶꢣ꣄ꢫꣁ ꢗꢾꢣꢸꢮ꣄,sourashtra,,,'ꢅꢔꢮꢣꢫꢗꢣꢮ':1 'eeguvidyocheduv':2 'iguvidyoceduv':3 'īguvidyŏcĕduv':4 'education':5 'கல':6,education|knowledge|learning,विद्या॑|வித்3யொ|eegu vidyo' che'duv|Igu vidyO cEduv|īgu vidyŏ cĕduv|iːgu ʋɪd̪jo t͡ʃed̪uʋ,,"{""""script"""":""""sourashtra"""",""""category"""":""""noun"""",""""type"""":""""abstract""""}"
^,,education,english,,english,,education|knowledge|learning,,noun,
^,,கல்வி,tamil,,tamil,'கலவ':1 'education':2 'கல':3,education|knowledge|learning,வித்3யொ,noun,
-,ꢅ,ꢅꢔꢸ ꢮꢶꢣ꣄ꢫꣁ ꢗꢾꢣꢸꢮ꣄,sourashtra,,,'ꢅꢔꢮꢣꢫꢗꢣꢮ':1 'eeguvidyocheduv':2 'iguvidyoceduv':3 'īguvidyŏcĕduv':4 'education':5 'கல':6,education|knowledge|learning,च॑दुव|செது3வ்|eegu vidyo' che'duv|Igu vidyO cEduv|īgu vidyŏ cĕduv|iːgu ʋɪd̪jo t͡ʃed̪uʋ,,"{""""script"""":""""sourashtra"""",""""category"""":""""noun"""",""""type"""":""""abstract""""}"
^,,education,english,,english,,education|knowledge|learning,,noun,
^,,கல்வி,tamil,,tamil,'கலவ':1 'education':2 'கல':3,education|knowledge|learning,செது3வ்,noun,
-,ꢒ,ꢒꢮꢶ,sourashtra,,,'ꢒꢮ':1 'kavi':2 'poet':3 'கவ':4 'ஞன':5,education|knowledge|learning,कवि|கவி|kavi|kavi|kavi|kəʋɪ,,"{""""script"""":""""sourashtra"""",""""category"""":""""noun"""",""""type"""":""""abstract""""}"
^,,poet,english,,english,,education|knowledge|learning,,noun,
^,,கவி / கவிஞன்,tamil,,tamil,'கவகவஞன':1 'poet':2 'கவ':3 'ஞன':4,education|knowledge|learning,கவி,noun,
-,ꢒ,ꢒꢮꢶꢡꣁ,sourashtra,,,'ꢒꢮꢡ':1 'kavito':2 'kavitŏ':3 'song':4 'poem':5 'கவ':6,education|knowledge|learning,कविता॑|கவிதொ|kavito'|kavitO|kavitŏ|kəʋɪt̪o,,"{""""script"""":""""sourashtra"""",""""category"""":""""noun"""",""""type"""":""""abstract""""}"
^,,"song, poem",english,,english,,education|knowledge|learning,,noun,
^,,கவிதை,tamil,,tamil,'கவத':1 'song':2 'poem':3 'கவ':4,education|knowledge|learning,கவிதொ,noun,
-,ꢄ,ꢄꢔꢞꢱ꣄ꢡꢿ,sourashtra,,,'ꢄꢔꢞꢱꢡ':1 'igadaste':2 'igaḍaste':3 'teaching':4 'teach':5 'கற':6 'தல':7,education|knowledge|learning,इगडस्ते|இக3ட3ஸ்தே|igad'aste|igaDaste|igaḍaste|ɪgəɖəs̪t̪eː,,"{""""script"""":""""sourashtra"""",""""category"""":""""noun"""",""""type"""":""""abstract""""}"
^,,teaching,english,,english,,education|knowledge|learning,,noun,
^,,கற்பித்தல்,tamil,,tamil,'கறபததல':1 'teaching':2 'teach':3 'கற':4 'தல':5,education|knowledge|learning,இக3ட3ஸ்தே,noun,
-,ꢗ,ꢗꢾꢮ꣄ꢣꢶꢥꢶ,sourashtra,,,'ꢗꢮꢣꢥ':1 'chevdini':2 'cevdini':3 'cĕvdini':4 'learning':5 'learn':6 'கற':7 'றல':8,education|knowledge|learning,च॑व्दिनि|செவ்தி3னி|che'vdini|cEvdini|cĕvdini|t͡ʃeʋd̪ɪn̪ɪ,,"{""""script"""":""""sourashtra"""",""""category"""":""""noun"""",""""type"""":""""abstract""""}"
^,,learning,english,,english,,education|knowledge|learning,,noun,
^,,கற்றல்,tamil,,tamil,'கறறல':1 'learning':2 'learn':3 'கற':4 'றல':5,education|knowledge|learning,செவ்தி3னி,noun,
-,ꢱ,ꢱꢶꢒ꣄ꢒꢶꢥꢶ,sourashtra,,,'ꢱꢒꢒꢥ':1 'sikkini':2 'learning':3 'learn':4 'கற':5 'றல':6,education|knowledge|learning,सिक्किनि|ஸிக்கினி|sikkini|sikkini|sikkini|s̪ɪkkɪn̪ɪ,,"{""""script"""":""""sourashtra"""",""""category"""":""""noun"""",""""type"""":""""abstract""""}"
^,,learning,english,,english,,education|knowledge|learning,,noun,
^,,கற்றல்,tamil,,tamil,'கறறல':1 'learning':2 'learn':3 'கற':4 'றல':5,education|knowledge|learning,ஸிக்கினி,noun,
-,ꢒ,ꢒꢳ꣄꣄ꢙꢪ꣄,sourashtra,,,'ꢒꢳꢙꢪ':1 'kaljam':2 'paper':3 'தம':4,education|knowledge|learning,कळ्जम्|கள்ஜம்|kal'jam|kaLjam|kal̤jam|kəɭd͡ʒəm,,"{""""script"""":""""sourashtra"""",""""category"""":""""noun"""",""""type"""":""""abstract""""}"
^,,paper,english,,english,,education|knowledge|learning,,noun,
^,,காகிதம்,tamil,,tamil,'ககதம':1 'paper':2 'தம':3,education|knowledge|learning,கள்ஜம்,noun,
-,ꢒ,ꢒꢵꢮ꣄ꢫꣁ,sourashtra,,,'ꢒꢮꢫ':1 'kaavyo':2 'kavyo':3 'kāvyŏ':4 'epic':5 'யம':6,education|knowledge|learning,काव्या॑|காவ்யொ|kaavyo'|kAvyO|kāvyŏ|kɑːʋjo,,"{""""script"""":""""sourashtra"""",""""category"""":""""noun"""",""""type"""":""""abstract""""}"
^,,epic,english,,english,,education|knowledge|learning,,noun,
^,,காப்பியம் / காவியம்,tamil,,tamil,'கபபயமகவயம':1 'epic':2 'யம':3,education|knowledge|learning,காவ்யொ,noun,
-,ꢱ,ꢱꢹꢗꢥꣁ,sourashtra,,,'ꢱꢗꢥ':1 'soochano':2 'sucano':3 'sūcanŏ':4 'notes':5 'note':6,education|knowledge|learning,सूचना॑|ஸூசனொ|soochano'|sUcanO|sūcanŏ|s̪uːt͡ʃən̪o,,"{""""script"""":""""sourashtra"""",""""category"""":""""noun"""",""""type"""":""""abstract""""}"
^,,notes,english,,english,,education|knowledge|learning,,noun,
^,,குறிப்பு,tamil,,tamil,'கறபப':1 'notes':2 'note':3,education|knowledge|learning,ஸூசனொ,noun,
-,ꢱ,ꢱꢹꢗꢥꢵꢦꣁꢡꢶ,sourashtra,,,'ꢱꢗꢥꢦꢡ':1 'soochanaapoti':2 'sucanapoti':3 'sūcanāpŏti':4 'notebook':5,education|knowledge|learning,सूचनापा॑ति|ஸூசனாபொதி|soochanaapo'ti|sUcanApOti|sūcanāpŏti|s̪uːt͡ʃən̪ɑːpot̪ɪ,,"{""""script"""":""""sourashtra"""",""""category"""":""""noun"""",""""type"""":""""abstract""""}"
^,,notebook,english,,english,,education|knowledge|learning,,noun,
^,,குறிப்பேடு,tamil,,tamil,'கறபபட':1 'notebook':2,education|knowledge|learning,ஸூசனாபொதி,noun,
-,ꢎ,ꢎꢒꢶ ꢭꢶꢓꢶꢥꢶ,sourashtra,,,'ꢎꢒꢭꢓꢥ':1 'aikilikhini':2 'dictation':3 'தல':4,education|knowledge|learning,ऐकि लिखिनि|ஐகி லிகி2னி|aiki likhini|aiki likhini|aiki likhini|əɪkɪ lɪkʰɪn̪ɪ,,"{""""script"""":""""sourashtra"""",""""category"""":""""noun"""",""""type"""":""""abstract""""}"
^,,dictation,english,,english,,education|knowledge|learning,,noun,
^,,கேட்டெழுதுதல்,tamil,,tamil,'கடடழததல':1 'dictation':2 'தல':3,education|knowledge|learning,ஐகி லிகி2னி,noun,
-,ꢦ,ꢦꢸꢱ꣄ꢥꢶ,sourashtra,,,'ꢦꢱꢥ':1 'pusni':2 'question':3,education|knowledge|learning,पुस्नि|புஸ்னி|pusni|pusni|pusni|pus̪n̪ɪ,,"{""""script"""":""""sourashtra"""",""""category"""":""""noun"""",""""type"""":""""abstract""""}"
^,,question,english,,english,,education|knowledge|learning,,noun,
^,,கேள்வி,tamil,,tamil,'களவ':1 'question':2,education|knowledge|learning,புஸ்னி,noun,
-,ꢦ,ꢦꢸꢱꢵꢮ꣄,sourashtra,,,'ꢦꢱꢮ':1 'pusaav':2 'pusav':3 'pusāv':4 'question':5,education|knowledge|learning,पुसाव्|புஸாவ்|pusaav|pusAv|pusāv|pus̪ɑːʋ,,"{""""script"""":""""sourashtra"""",""""category"""":""""noun"""",""""type"""":""""abstract""""}"
^,,question,english,,english,,education|knowledge|learning,,noun,
^,,கேள்வி,tamil,,tamil,'களவ':1 'question':2,education|knowledge|learning,புஸாவ்,noun,
-,ꢲ,ꢲꢵꢡꢰꢬ꣄,sourashtra,,,'ꢲꢡꢰꢬ':1 'haatashar':2 'hatasar':3 'hātaṣar':4 'handwriting':5 'signature':6 'handwrite':7 'பம':8,education|knowledge|learning,हातक्षर्|ஹாதக்ஷர்|haatashar|hAtaSar|hātaṣar|ɦɑːt̪əʂəɾ,,"{""""script"""":""""sourashtra"""",""""category"""":""""noun"""",""""type"""":""""abstract""""}"
^,,"handwriting, signature",english,,english,,education|knowledge|learning,,noun,
^,,கையெழுத்து / கையொப்பம்,tamil,,tamil,'கயழததகயபபம':1 'handwriting':2 'signature':3 'handwrite':4 'பம':5,education|knowledge|learning,ஹாதக்ஷர்,noun,
-,ꢲ,ꢲꢵꢡꢸꢦꣁꢡꢶ,sourashtra,,,'ꢲꢡꢦꢡ':1 'haatupoti':2 'hatupoti':3 'hātupŏti':4 'handbook':5,education|knowledge|learning,हातुपोति|ஹாதுபொதி|haatupo'ti|hAtupOti|hātupŏti|ɦɑːt̪upot̪ɪ,,"{""""script"""":""""sourashtra"""",""""category"""":""""noun"""",""""type"""":""""abstract""""}"
^,,handbook,english,,english,,education|knowledge|learning,,noun,
^,,கையேடு,tamil,,tamil,'கயட':1 'handbook':2,education|knowledge|learning,ஹாதுபொதி,noun,
-,ꢥ,ꢥꢷꢡꢶꢥꢶꢫꢪꣁ,sourashtra,,,'ꢥꢡꢥꢫꢪ':1 'neetiniyamo':2 'nitiniyamo':3 'nītiniyamŏ':4 'policy':5,education|knowledge|learning,नीतिनियमा॑|நீதிநியமொ|neetiniyamo'|nItiniyamO|nītiniyamŏ|n̪iːt̪ɪn̪ɪjəmo,,"{""""script"""":""""sourashtra"""",""""category"""":""""noun"""",""""type"""":""""abstract""""}"
^,,policy,english,,english,,education|knowledge|learning,,noun,
^,,கொள்கை,tamil,,tamil,'களக':1 'policy':2,education|knowledge|learning,நீதிநியமொ,noun,
-,ꢱ,ꢱꢶꢣ꣄ꢤꢵꢥ꣄ꢡꢸ,sourashtra,,,'ꢱꢣꢤꢥꢡ':1 'siddhaantu':2 'siddhantu':3 'siddhāntu':4 'theory':5,education|knowledge|learning,सिद्धान्दु|ஸித்3தா4ந்து|siddhaantu|siddhAntu|siddhāntu|s̪ɪd̪d̪ʰɑːn̪t̪u,,"{""""script"""":""""sourashtra"""",""""category"""":""""noun"""",""""type"""":""""abstract""""}"
^,,theory,english,,english,,education|knowledge|learning,,noun,
^,,கோட்பாடு,tamil,,tamil,'கடபட':1 'theory':2,education|knowledge|learning,ஸித்3தா4ந்து,noun,
-,ꢗ,ꢗꢶꢡ꣄ꢬꢸ,sourashtra,,,'ꢗꢡꢬ':1 'chitru':2 'citru':3 'picture':4 'ரம':5,education|knowledge|learning,चित्रु|சித்ரு|chitru|citru|citru|t͡ʃɪt̪ɾu,,"{""""script"""":""""sourashtra"""",""""category"""":""""noun"""",""""type"""":""""abstract""""}"
^,,picture,english,,english,,education|knowledge|learning,,noun,
^,,சித்திரம்,tamil,,tamil,'சததரம':1 'picture':2 'ரம':3,education|knowledge|learning,சித்ரு,noun,
-,ꢭ,ꢭꣂꢱꢸ,sourashtra,,,'ꢭꢱ':1 'losu':2 'picture':3 'ரம':4,education|knowledge|learning,लोसु|லோஸு|losu|losu|losu|loːs̪u,,"{""""script"""":""""sourashtra"""",""""category"""":""""noun"""",""""type"""":""""abstract""""}"
^,,picture,english,,english,,education|knowledge|learning,,noun,
^,,சித்திரம்,tamil,,tamil,'சததரம':1 'picture':2 'ரம':3,education|knowledge|learning,லோஸு,noun,
-,ꢗ,ꢗꢶꢡ꣄ꢡꢬ꣄,sourashtra,,,'ꢗꢡꢡꢬ':1 'chittar':2 'cittar':3 'picture':4 'ரம':5,education|knowledge|learning,चित्तर्|சித்தர்|chittar|cittar|cittar|t͡ʃɪt̪t̪əɾ,,"{""""script"""":""""sourashtra"""",""""category"""":""""noun"""",""""type"""":""""abstract""""}"
^,,picture,english,,english,,education|knowledge|learning,,noun,
^,,சித்திரம்,tamil,,tamil,'சததரம':1 'picture':2 'ரம':3,education|knowledge|learning,சித்தர்,noun,
-,ꢫ,ꢫꣂꢗꢥꣁ,sourashtra,,,'ꢫꢗꢥ':1 'yochano':2 'yocano':3 'yocanŏ':4 'thought':5 'think':6 'தன':7,education|knowledge|learning,योच|யோசனொ|yochano'|yocanO|yocanŏ|joːt͡ʃən̪o,,"{""""script"""":""""sourashtra"""",""""category"""":""""noun"""",""""type"""":""""abstract""""}"
^,,thought,english,,english,,education|knowledge|learning,,noun,
^,,சிந்தனை,tamil,,tamil,'சநதன':1 'thought':2 'think':3 'தன':4,education|knowledge|learning,யோசனொ,noun,
-,ꢥ,ꢥꢥ꣄ꢓꢾꢥꢶ,sourashtra,,,'ꢥꢥꢓꢥ':1 'nankheni':2 'nankhĕni':3 'short':4 'story':5 'கத':6,education|knowledge|learning,न:न्खेनि|ந:ன்கெ2னி|nankhe'ni|nankhEni|nankhĕni|n̪ən̪kʰen̪ɪ,,"{""""script"""":""""sourashtra"""",""""category"""":""""noun"""",""""type"""":""""abstract""""}"
^,,short story,english,,english,,education|knowledge|learning,,noun,
^,,சிறுகதை,tamil,,tamil,'சறகத':1 'short':2 'story':3 'கத':4,education|knowledge|learning,ந:ன்கெ2னி,noun,
-,ꢭ,ꢭꣀꢒꢵꢱꢸꢒꢳ꣄ꢙꢾꢪ꣄,sourashtra,,,'ꢭꢒꢱꢒꢳꢙꢪ':1 'laikaasukaljem':2 'laikasukaljem':3 'laikāsukaljĕm':4 'newspaper':5,education|knowledge|learning,लौकासु कळ्जम्|லௌகாஸு கள்ஜெம்|laikaasukal'je'm|laikAsukaLjEm|laikāsukal̤jĕm|ləɪkɑːs̪ukəɭd͡ʒem,,"{""""script"""":""""sourashtra"""",""""category"""":""""noun"""",""""type"""":""""abstract""""}"
^,,newspaper,english,,english,,education|knowledge|learning,,noun,
^,,செய்தித்தாள்,tamil,,tamil,'சயதததள':1 'newspaper':2,education|knowledge|learning,லௌகாஸு கள்ஜெம்,noun,
-,ꢱ,ꢱꢪꢵꢗꢵꢬꢸꢦꢡ꣄ꢬꣁ,sourashtra,,,'ꢱꢪꢗꢬꢦꢡꢬ':1 'samaachaarupatro':2 'samacarupatro':3 'samācārupatrŏ':4 'newspaper':5,education|knowledge|learning,समाचारुपत्रा॑|ஸமாசாருபத்ரொ|samaachaarupatro'|samAcArupatrO|samācārupatrŏ|s̪əmɑːt͡ʃɑːɾupət̪ɾo,,"{""""script"""":""""sourashtra"""",""""category"""":""""noun"""",""""type"""":""""abstract""""}"
^,,newspaper,english,,english,,education|knowledge|learning,,noun,
^,,செய்தித்தாள்,tamil,,tamil,'சயதததள':1 'newspaper':2,education|knowledge|learning,ஸமாசாருபத்ரொ,noun,
-,ꢔ,ꢔꢮ꣄ꢥꣁ,sourashtra,,,'ꢔꢮꢥ':1 'gavno':2 'gavnŏ':3 'poetry':4,education|knowledge|learning,गव्नो|க3வ்னொ|gavno'|gavnO|gavnŏ|gəʋn̪o,,"{""""script"""":""""sourashtra"""",""""category"""":""""noun"""",""""type"""":""""abstract""""}"
^,,poetry,english,,english,,education|knowledge|learning,,noun,
^,,செய்யுள்,tamil,,tamil,'சயயள':1 'poetry':2,education|knowledge|learning,க3வ்னொ,noun,
-,ꢦ,ꢦꢣ꣄ꢫꢪ꣄,sourashtra,,,'ꢦꢣꢫꢪ':1 'padyam':2 'poetry':3,education|knowledge|learning,पद्यम|பத்3யம்|padyam|padyam|padyam|pəd̪jəm,,"{""""script"""":""""sourashtra"""",""""category"""":""""noun"""",""""type"""":""""abstract""""}"
^,,poetry,english,,english,,education|knowledge|learning,,noun,
^,,செய்யுள்,tamil,,tamil,'சயயள':1 'poetry':2,education|knowledge|learning,பத்3யம்,noun,
-,ꢱ,ꢱ꣄ꢭꣂꢒ꣄,sourashtra,,,'ꢱꢭꢒ':1 'slok':2 'poetry':3,education|knowledge|learning,स्लोक्|ஸ்லோக்|slok|slok|slok|s̪loːk,,"{""""script"""":""""sourashtra"""",""""category"""":""""noun"""",""""type"""":""""abstract""""}"
^,,poetry,english,,english,,education|knowledge|learning,,noun,
^,,செய்யுள்,tamil,,tamil,'சயயள':1 'poetry':2,education|knowledge|learning,ஸ்லோக்,noun,
-,ꢮ,ꢮꢡ꣄ꢡꣁ,sourashtra,,,'ꢮꢡꢡ':1 'vatto':2 'vattŏ':3 'word':4,education|knowledge|learning,वत्ता॑|வத்தொ|vatto'|vattO|vattŏ|ʋət̪t̪o,,"{""""script"""":""""sourashtra"""",""""category"""":""""noun"""",""""type"""":""""abstract""""}"
^,,word,english,,english,,education|knowledge|learning,,noun,
^,,சொல்,tamil,,tamil,'சல':1 'word':2,education|knowledge|learning,வத்தொ,noun,
-,ꢒ,ꢒꣁꢰ꣄,sourashtra,,,'ꢒꢰ':1 'kosh':2 'kos':3 'kŏṣ':4 'lexicon':5 'களஞ':6 'யம':7,education|knowledge|learning,कोष|கோஷ்|ko'sh|kOS|kŏṣ|koʂ,,"{""""script"""":""""sourashtra"""",""""category"""":""""noun"""",""""type"""":""""abstract""""}"
^,,lexicon,english,,english,,education|knowledge|learning,,noun,
^,,சொற்களஞ்சியம்,tamil,,tamil,'சறகளஞசயம':1 'lexicon':2 'களஞ':3 'யம':4,education|knowledge|learning,கோஷ்,noun,
-,ꢱ,ꢱꢨ꣄ꢣ ꢩꢠ꣄ꢞꢵꢬ꣄,sourashtra,,,'ꢱꢨꢣꢩꢠꢞꢬ':1 'sabdabhandaar':2 'sabdabhandar':3 'sabdabhaṇḍār':4 'lexicon':5 'களஞ':6 'யம':7,education|knowledge|learning,सब्द पण्डार|ஸப்3த3 ப4ண்டா3ர்|sabda bhand'aar|sabda bhaNDAr|sabda bhaṇḍār|s̪əbd̪ə bʰəɳɖɑːɾ,,"{""""script"""":""""sourashtra"""",""""category"""":""""noun"""",""""type"""":""""abstract""""}"
^,,lexicon,english,,english,,education|knowledge|learning,,noun,
^,,சொற்களஞ்சியம்,tamil,,tamil,'சறகளஞசயம':1 'lexicon':2 'களஞ':3 'யம':4,education|knowledge|learning,ஸப்3த3 ப4ண்டா3ர்,noun,
-,ꢱ,ꢱꣁꢤꢥꣁ,sourashtra,,,'ꢱꢤꢥ':1 'sodhano':2 'sŏdhanŏ':3 'test':4 'தன':5,education|knowledge|learning,सोधना॑|ஸோத4னொ|so'dhano'|sOdhanO|sŏdhanŏ|s̪od̪ʰən̪o,,"{""""script"""":""""sourashtra"""",""""category"""":""""noun"""",""""type"""":""""abstract""""}"
^,,test,english,,english,,education|knowledge|learning,,noun,
^,,சோதனை,tamil,,tamil,'சதன':1 'test':2 'தன':3,education|knowledge|learning,ஸோத4னொ,noun,
-,ꢦ,ꢦꢬꢷꢒ꣄ꢰꣁ,sourashtra,,,'ꢦꢬꢒꢰ':1 'pareeksho':2 'parikso':3 'parīkṣŏ':4 'test':5 'தன':6,education|knowledge|learning,परीक्षो|பரீக்ஷொ|pareeksho'|parIkSO|parīkṣŏ|pəɾiːkʂo,,"{""""script"""":""""sourashtra"""",""""category"""":""""noun"""",""""type"""":""""abstract""""}"
^,,test,english,,english,,education|knowledge|learning,,noun,
^,,சோதனை,tamil,,tamil,'சதன':1 'test':2 'தன':3,education|knowledge|learning,பரீக்ஷொ,noun,
-,ꢪ,ꢪꢥ꣄ꢡꢸ,sourashtra,,,'ꢪꢥꢡ':1 'mantu':2 'mistake':3 'தவற':4,education|knowledge|learning,मन्तु|மந்து|mantu|mantu|mantu|mən̪t̪u,,"{""""script"""":""""sourashtra"""",""""category"""":""""noun"""",""""type"""":""""abstract""""}"
^,,mistake,english,,english,,education|knowledge|learning,,noun,
^,,தவறு,tamil,,tamil,'தவற':1 'mistake':2,education|knowledge|learning,மந்து,noun,
-,ꢗ,ꢗꢹꢒ꣄,sourashtra,,,'ꢗꢒ':1 'chook':2 'cuk':3 'cūk':4 'mistake':5 'தவற':6,education|knowledge|learning,छूक्|சூக்|chook|cUk|cūk|t͡ʃuːk,,"{""""script"""":""""sourashtra"""",""""category"""":""""noun"""",""""type"""":""""abstract""""}"
^,,mistake,english,,english,,education|knowledge|learning,,noun,
^,,தவறு,tamil,,tamil,'தவற':1 'mistake':2,education|knowledge|learning,சூக்,noun,
-,ꢒ,ꢒꢸꢠ꣄ꢜꢸ,sourashtra,,,'ꢒꢠꢜ':1 'kuntu':2 'kuṇṭu':3 'mistake':4 'தவற':5,education|knowledge|learning,कुण्टु|குண்டு|kunt'u|kuNTu|kuṇṭu|kuɳʈu,,"{""""script"""":""""sourashtra"""",""""category"""":""""noun"""",""""type"""":""""abstract""""}"
^,,mistake,english,,english,,education|knowledge|learning,,noun,
^,,தவறு,tamil,,tamil,'தவற':1 'mistake':2,education|knowledge|learning,குண்டு,noun,
-,ꢪ,ꢪꢵꢫ꣄ ꢩꢵꢰꣁ,sourashtra,,,'ꢪꢫꢩꢰ':1 'maaybhaasho':2 'maybhaso':3 'māybhāṣŏ':4 'mother':5 'tongue':6,education|knowledge|learning,माय्भाषा॑|மாய்பா4ஷொ|maay bhaasho'|mAy bhASO|māy bhāṣŏ|mɑːj bʰɑːʂo,,"{""""script"""":""""sourashtra"""",""""category"""":""""noun"""",""""type"""":""""abstract""""}"
^,,mother tongue,english,,english,,education|knowledge|learning,,noun,
^,,தாய்மொழி,tamil,,tamil,'தயமழ':1 'mother':2 'tongue':3,education|knowledge|learning,மாய்பா4ஷொ,noun,
-,ꢪ,ꢪꢵꢡ꣄ꢬꢸꢩꢵꢰꣁ,sourashtra,,,'ꢪꢡꢬꢩꢰ':1 'maatrubhaasho':2 'matrubhaso':3 'mātrubhāṣŏ':4 'mother':5 'tongue':6,education|knowledge|learning,मात्रुभाषा॑|மாத்ருபா4ஷொ|maatrubhaasho'|mAtrubhASO|mātrubhāṣŏ|mɑːt̪ɾubʰɑːʂo,,"{""""script"""":""""sourashtra"""",""""category"""":""""noun"""",""""type"""":""""abstract""""}"
^,,mother tongue,english,,english,,education|knowledge|learning,,noun,
^,,தாய்மொழி,tamil,,tamil,'தயமழ':1 'mother':2 'tongue':3,education|knowledge|learning,மாத்ருபா4ஷொ,noun,
-,ꢒ,ꢒꢭ꣄ꢙꢾꢪ꣄,sourashtra,,,'ꢒꢭꢙꢪ':1 'kaljem':2 'kaljĕm':3 'paper':4,education|knowledge|learning,कल्जेम्|கள்ஜம்|kalje'm|kaljEm|kaljĕm|kəld͡ʒem,,"{""""script"""":""""sourashtra"""",""""category"""":""""noun"""",""""type"""":""""abstract""""}"
^,,paper,english,,english,,education|knowledge|learning,,noun,
^,,தாள்,tamil,,tamil,'தள':1 'paper':2,education|knowledge|learning,கள்ஜம்,noun,
-,ꢥ,ꢥꣀꢦꢸꢠ꣄ꢫ,sourashtra,,,'ꢥꢦꢠꢫ':1 'naipunya':2 'naipuṇya':3 'skill':4 'றன':5,education|knowledge|learning,नैपुण्य|நைபுண்ய|naipunya|naipuNya|naipuṇya|n̪əɪpuɳjə,,"{""""script"""":""""sourashtra"""",""""category"""":""""noun"""",""""type"""":""""abstract""""}"
^,,skill,english,,english,,education|knowledge|learning,,noun,
^,,திறன்,tamil,,tamil,'தறன':1 'skill':2 'றன':3,education|knowledge|learning,நைபுண்ய,noun,
-,ꢮ,ꢮꢶꢪꢬ꣄ꢱꢥꣁ,sourashtra,,,'ꢮꢪꢬꢱꢥ':1 'vimarsano':2 'vimarsanŏ':3 'criticism':4 'றன':5,education|knowledge|learning,विमर्सना॑|விமர்ஸனொ|vimarsano'|vimarsanO|vimarsanŏ|ʋɪməɾs̪ən̪o,,"{""""script"""":""""sourashtra"""",""""category"""":""""noun"""",""""type"""":""""abstract""""}"
^,,criticism,english,,english,,education|knowledge|learning,,noun,
^,,திறனாய்வு,tamil,,tamil,'தறனயவ':1 'criticism':2 'றன':3,education|knowledge|learning,விமர்ஸனொ,noun,
-,ꢔ,ꢔꢸꢠꢣꣂꢰ ꢮꢶꢗꢵꢬ꣄,sourashtra,,,'ꢔꢠꢣꢰꢮꢗꢬ':1 'gunadoshavichaar':2 'gunadosavicar':3 'guṇadoṣavicār':4 'criticism':5 'றன':6,education|knowledge|learning,गुणदोष विचार|கு3ணதோ3ஷ விசார்|gunadosha vichaar|guNadoSa vicAr|guṇadoṣa vicār|guɳəd̪oːʂə ʋɪt͡ʃɑːɾ,,"{""""script"""":""""sourashtra"""",""""category"""":""""noun"""",""""type"""":""""abstract""""}"
^,,criticism,english,,english,,education|knowledge|learning,,noun,
^,,திறனாய்வு,tamil,,tamil,'தறனயவ':1 'criticism':2 'றன':3,education|knowledge|learning,கு3ணதோ3ஷ விசார்,noun,
-,ꢮ,ꢮꢶꢩꢵꢔ꣄,sourashtra,,,'ꢮꢩꢔ':1 'vibhaag':2 'vibhag':3 'vibhāg':4 'department':5,education|knowledge|learning,विभाग्|விபா4க்3|vibhaag|vibhAg|vibhāg|ʋɪbʰɑːg,,"{""""script"""":""""sourashtra"""",""""category"""":""""noun"""",""""type"""":""""abstract""""}"
^,,department,english,,english,,education|knowledge|learning,,noun,
^,,துறை,tamil,,tamil,'தற':1 'department':2,education|knowledge|learning,விபா4க்3,noun,
-,ꢦ,ꢦꢬꢷꢰꢾ,sourashtra,,,'ꢦꢬꢰ':1 'pareeshe':2 'parise':3 'parīṣĕ':4 'examination':5,education|knowledge|learning,परीक्षे|பரீக்ஷொ|pareeshe'|parISE|parīṣĕ|pəɾiːʂe,,"{""""script"""":""""sourashtra"""",""""category"""":""""noun"""",""""type"""":""""abstract""""}"
^,,examination,english,,english,,education|knowledge|learning,,noun,
^,,தேர்வு,tamil,,tamil,'தரவ':1 'examination':2,education|knowledge|learning,பரீக்ஷொ,noun,
-,ꢦ,ꢦꢬꢷꢰꢵ ꢢꢵꢪ꣄,sourashtra,,,'ꢦꢬꢰꢢꢪ':1 'pareeshaathaam':2 'parisatham':3 'parīṣāthām':4 'examination':5 'centre':6 'யம':7,education|knowledge|learning,परीक्षा थाम्|பரீக்ஷா தா2ம்|pareeshaa thaam|parISA thAm|parīṣā thām|pəɾiːʂɑː t̪ʰɑːm,,"{""""script"""":""""sourashtra"""",""""category"""":""""noun"""",""""type"""":""""abstract""""}"
^,,examination centre,english,,english,,education|knowledge|learning,,noun,
^,,தேர்வுமையம்,tamil,,tamil,'தரவமயம':1 'examination':2 'centre':3 'யம':4,education|knowledge|learning,பரீக்ஷா தா2ம்,noun,
-,ꢃ,ꢃꢬꢪ꣄ꢩ ꢲꢸꢬꢶ,sourashtra,,,'ꢃꢬꢪꢩꢲꢬ':1 'aarambhahuri':2 'arambhahuri':3 'ārambhahuri':4 'primary':5 'school':6 'டக':7 'கப':8 'பள':9,education|knowledge|learning,आरम्ब हुरि|ஆரம்ப4ஹுரி|aarambha huri|Arambha huri|ārambha huri|ɑːɾəmbʰə ɦuɾɪ,,"{""""script"""":""""sourashtra"""",""""category"""":""""noun"""",""""type"""":""""abstract""""}"
^,,primary school,english,,english,,education|knowledge|learning,,noun,
^,,தொடக்கப்பள்ளி,tamil,,tamil,'தடககபபளள':1 'primary':2 'school':3 'டக':4 'கப':5 'பள':6,education|knowledge|learning,ஆரம்ப4ஹுரி,noun,
-,ꢮ,ꢮꢡ꣄ꢡꢵ ꢡꣁꢬꢠ꣄,sourashtra,,,'ꢮꢡꢡꢡꢬꢠ':1 'vattaatoran':2 'vattatoran':3 'vattātŏraṇ':4 'sentence':5 'டரன':6,education|knowledge|learning,वत्ताता॑रण|வத்தாதொரண்|vattaa to'ran|vattA tOraN|vattā tŏraṇ|ʋət̪t̪ɑː t̪oɾəɳ,,"{""""script"""":""""sourashtra"""",""""category"""":""""noun"""",""""type"""":""""abstract""""}"
^,,sentence,english,,english,,education|knowledge|learning,,noun,
^,,தொடரன்,tamil,,tamil,'தடரன':1 'sentence':2 'டரன':3,education|knowledge|learning,வத்தாதொரண்,noun,
-,ꢗ,ꢗꢵꢭ꣄ꢗꢭꢥ꣄,sourashtra,,,'ꢗꢭꢗꢭꢥ':1 'chaalchalan':2 'calcalan':3 'cālcalan':4 'behaviour':5 'நடத':6,education|knowledge|learning,चाल्चलन्|சால்சலன்|chaalchalan|cAlcalan|cālcalan|t͡ʃɑːlt͡ʃələn̪,,"{""""script"""":""""sourashtra"""",""""category"""":""""noun"""",""""type"""":""""abstract""""}"
^,,behaviour,english,,english,,education|knowledge|learning,,noun,
^,,நடத்தை,tamil,,tamil,'நடதத':1 'behaviour':2 'நடத':3,education|knowledge|learning,சால்சலன்,noun,
-,ꢗ,ꢗꢭ꣄ꢥꢶ,sourashtra,,,'ꢗꢭꢥ':1 'chalni':2 'calni':3 'behaviour':4 'நடத':5,education|knowledge|learning,चल्नि|சல்னி|chalni|calni|calni|t͡ʃəln̪ɪ,,"{""""script"""":""""sourashtra"""",""""category"""":""""noun"""",""""type"""":""""abstract""""}"
^,,behaviour,english,,english,,education|knowledge|learning,,noun,
^,,நடத்தை,tamil,,tamil,'நடதத':1 'behaviour':2 'நடத':3,education|knowledge|learning,சல்னி,noun,
-,ꢥ,ꢥꢜꢥꣁ,sourashtra,,,'ꢥꢜꢥ':1 'natano':2 'naṭanŏ':3 'dance':4 'நடனம':5,education|knowledge|learning,नटना॑|நடனொ|nat'ano'|naTanO|naṭanŏ|n̪əʈən̪o,,"{""""script"""":""""sourashtra"""",""""category"""":""""noun"""",""""type"""":""""abstract""""}"
^,,dance,english,,english,,education|knowledge|learning,,noun,
^,,நடனம்,tamil,,tamil,'நடனம':1 'dance':2,education|knowledge|learning,நடனொ,noun,
-,ꢥ,ꢥꢵꢗꢸ,sourashtra,,,'ꢥꢗ':1 'naachu':2 'nacu':3 'nācu':4 'drama':5 'டகம':6,education|knowledge|learning,नाचु|நாசு|naachu|nAcu|nācu|n̪ɑːt͡ʃu,,"{""""script"""":""""sourashtra"""",""""category"""":""""noun"""",""""type"""":""""abstract""""}"
^,,drama,english,,english,,education|knowledge|learning,,noun,
^,,நாடகம்,tamil,,tamil,'நடகம':1 'drama':2 'டகம':3,education|knowledge|learning,நாசு,noun,
-,ꢭ,ꢭꣁꢒ꣄ꢓꢾꢥꢶ,sourashtra,,,'ꢭꢒꢓꢥ':1 'lokkheni':2 'lŏkkhĕni':3 'folk':4 'tale':5 'கத':6,education|knowledge|learning,लोक्ख॑नि|லோக்கெ2னி|lo'kkhe'ni|lOkkhEni|lŏkkhĕni|lokkʰen̪ɪ,,"{""""script"""":""""sourashtra"""",""""category"""":""""noun"""",""""type"""":""""abstract""""}"
^,,folk tale,english,,english,,education|knowledge|learning,,noun,
^,,நாடோடிக் கதை,tamil,,tamil,'நடடககத':1 'folk':2 'tale':3 'கத':4,education|knowledge|learning,லோக்கெ2னி,noun,
-,ꢭ,ꢭꣂꢒ꣄ꢔꢷꢡ꣄,sourashtra,,,'ꢭꢒꢔꢡ':1 'lokgeet':2 'lokgit':3 'lokgīt':4 'folk':5 'song':6 'டல':7,education|knowledge|learning,लोक्गीत्|லோக்கீ3த்|lokgeet|lokgIt|lokgīt|loːkgiːt̪,,"{""""script"""":""""sourashtra"""",""""category"""":""""noun"""",""""type"""":""""abstract""""}"
^,,folk song,english,,english,,education|knowledge|learning,,noun,
^,,நாடோடிப் பாடல்,tamil,,tamil,'நடடபபடல':1 'folk':2 'song':3 'டல':4,education|knowledge|learning,லோக்கீ3த்,noun,
-,ꢣ,ꢣꢿꢱꢶꢔꢷꢡ꣄,sourashtra,,,'ꢣꢱꢔꢡ':1 'desigeet':2 'desigit':3 'desigīt':4 'folk':5 'song':6 'டல':7,education|knowledge|learning,देसिगीत|தே3ஸிகீ3த்|desigeet|desigIt|desigīt|d̪eːs̪ɪgiːt̪,,"{""""script"""":""""sourashtra"""",""""category"""":""""noun"""",""""type"""":""""abstract""""}"
^,,folk song,english,,english,,education|knowledge|learning,,noun,
^,,நாடோடிப் பாடல்,tamil,,tamil,'நடடபபடல':1 'folk':2 'song':3 'டல':4,education|knowledge|learning,தே3ஸிகீ3த்,noun,
-,ꢦ,ꢦꣁꢡꢶ,sourashtra,,,'ꢦꢡ':1 'poti':2 'pŏti':3 'book':4,education|knowledge|learning,पा॑ति|பொதி|po'ti|pOti|pŏti|pot̪ɪ,,"{""""script"""":""""sourashtra"""",""""category"""":""""noun"""",""""type"""":""""abstract""""}"
^,,book,english,,english,,education|knowledge|learning,,noun,
^,,நூல்,tamil,,tamil,'நல':1 'book':2,education|knowledge|learning,பொதி,noun,
-,ꢦ,ꢦꢸꢱ꣄ꢡꢮ꣄,sourashtra,,,'ꢦꢱꢡꢮ':1 'pustav':2 'book':3,education|knowledge|learning,पुस्तव्|புஸ்தவ்|pustav|pustav|pustav|pus̪t̪əʋ,,"{""""script"""":""""sourashtra"""",""""category"""":""""noun"""",""""type"""":""""abstract""""}"
^,,book,english,,english,,education|knowledge|learning,,noun,
^,,நூல்,tamil,,tamil,'நல':1 'book':2,education|knowledge|learning,புஸ்தவ்,noun,
-,ꢦ,ꢦꢸꢱ꣄ꢡꢶꢒꣁ,sourashtra,,,'ꢦꢱꢡꢒ':1 'pustiko':2 'pustikŏ':3 'book':4,education|knowledge|learning,पुस्तिका॑|புஸ்திகொ|pustiko'|pustikO|pustikŏ|pus̪t̪ɪko,,"{""""script"""":""""sourashtra"""",""""category"""":""""noun"""",""""type"""":""""abstract""""}"
^,,book,english,,english,,education|knowledge|learning,,noun,
^,,நூல்,tamil,,tamil,'நல':1 'book':2,education|knowledge|learning,புஸ்திகொ,noun,
-,ꢦ,ꢦꣁꢡꢶꢔ꣄ꢕꢿꢬ꣄,sourashtra,,,'ꢦꢡꢔꢕꢬ':1 'potiggher':2 'pŏtiggher':3 'library':4 'லகம':5,education|knowledge|learning,पा॑तिघेर्|பொதிகே4ர்|po'tiggher|pOtiggher|pŏtiggher|pot̪ɪggʰeːɾ,,"{""""script"""":""""sourashtra"""",""""category"""":""""noun"""",""""type"""":""""abstract""""}"
^,,library,english,,english,,education|knowledge|learning,,noun,
^,,நூலகம்,tamil,,tamil,'நலகம':1 'library':2 'லகம':3,education|knowledge|learning,பொதிகே4ர்,noun,
-,ꢩ,ꢩꢠ꣄ꢞꢵꢬꢸꢕꢿꢬ꣄,sourashtra,,,'ꢩꢠꢞꢬꢕꢬ':1 'bhandaarugher':2 'bhandarugher':3 'bhaṇḍārugher':4 'library':5 'லகம':6,education|knowledge|learning,भण्डारुघेर्|ப4ண்டா3ருகே4ர்|bhand'aarugher|bhaNDArugher|bhaṇḍārugher|bʰəɳɖɑːɾugʰeːɾ,,"{""""script"""":""""sourashtra"""",""""category"""":""""noun"""",""""type"""":""""abstract""""}"
^,,library,english,,english,,education|knowledge|learning,,noun,
^,,நூலகம்,tamil,,tamil,'நலகம':1 'library':2 'லகம':3,education|knowledge|learning,ப4ண்டா3ருகே4ர்,noun,
-,ꢮ,ꢮꢬ꣄ꢠꢪꢵꢭꣁ,sourashtra,,,'ꢮꢬꢠꢪꢭ':1 'varnamaalo':2 'varnamalo':3 'varṇamālŏ':4 'alphabet':5 'கணக':6,education|knowledge|learning,वर्णमाला॑|வர்ணமாலொ|varnamaalo'|varNamAlO|varṇamālŏ|ʋəɾɳəmɑːlo,,"{""""script"""":""""sourashtra"""",""""category"""":""""noun"""",""""type"""":""""abstract""""}"
^,,alphabet,english,,english,,education|knowledge|learning,,noun,
^,,நெடுங்கணக்கு,tamil,,tamil,'நடஙகணகக':1 'alphabet':2 'கணக':3,education|knowledge|learning,வர்ணமாலொ,noun,
-,ꢭ,ꢭꢒ꣄ꢰ꣄꣄ꢫꣁ,sourashtra,,,'ꢭꢒꢰꢫ':1 'lakshyo':2 'laksyo':3 'lakṣyŏ':4 'aim':5 'கம':6,education|knowledge|learning,लक्ष्या॑|லக்ஷ்யொ|lakshyo'|lakSyO|lakṣyŏ|ləkʂjo,,"{""""script"""":""""sourashtra"""",""""category"""":""""noun"""",""""type"""":""""abstract""""}"
^,,aim,english,,english,,education|knowledge|learning,,noun,
^,,நோக்கம்,tamil,,tamil,'நககம':1 'aim':2 'கம':3,education|knowledge|learning,லக்ஷ்யொ,noun,
-,ꢤ,ꢤ꣄ꢫꢾꢫꢸ,sourashtra,,,'ꢤꢫꢫ':1 'dhyeyu':2 'dhyĕyu':3 'aim':4 'கம':5,education|knowledge|learning,ध्येयु|த்4யேயு|dhye'yu|dhyEyu|dhyĕyu|d̪ʰjeju,,"{""""script"""":""""sourashtra"""",""""category"""":""""noun"""",""""type"""":""""abstract""""}"
^,,aim,english,,english,,education|knowledge|learning,,noun,
^,,நோக்கம்,tamil,,tamil,'நககம':1 'aim':2 'கம':3,education|knowledge|learning,த்4யேயு,noun,
-,ꢦ,ꢦꣁꢒ꣄,sourashtra,,,'ꢦꢒ':1 'pok':2 'pŏk':3 'page':4 'பக':5 'கம':6,education|knowledge|learning,पोक्|போக்|po'k|pOk|pŏk|pok,,"{""""script"""":""""sourashtra"""",""""category"""":""""noun"""",""""type"""":""""abstract""""}"
^,,page,english,,english,,education|knowledge|learning,,noun,
^,,பக்கம்,tamil,,tamil,'பககம':1 'page':2 'பக':3 'கம':4,education|knowledge|learning,போக்,noun,
-,ꢦ,ꢦꢸꢜꣁ,sourashtra,,,'ꢦꢜ':1 'puto':2 'puṭŏ':3 'page':4 'பக':5 'கம':6,education|knowledge|learning,पुटा॑|புடொ|put'o'|puTO|puṭŏ|puʈo,,"{""""script"""":""""sourashtra"""",""""category"""":""""noun"""",""""type"""":""""abstract""""}"
^,,page,english,,english,,education|knowledge|learning,,noun,
^,,பக்கம்,tamil,,tamil,'பககம':1 'page':2 'பக':3 'கம':4,education|knowledge|learning,புடொ,noun,
-,ꢱ,ꢱ꣄ꢥꢵꢡꢒꣁ,sourashtra,,,'ꢱꢥꢡꢒ':1 'snaatako':2 'snatako':3 'snātakŏ':4 'graduate':5 'பட':6 'டத':7,education|knowledge|learning,स्नातका॑|ஸ்னாதகொ|snaatako'|snAtakO|snātakŏ|s̪n̪ɑːt̪əko,,"{""""script"""":""""sourashtra"""",""""category"""":""""noun"""",""""type"""":""""abstract""""}"
^,,graduate,english,,english,,education|knowledge|learning,,noun,
^,,பட்டதாரி,tamil,,tamil,'படடதர':1 'graduate':2 'பட':3 'டத':4,education|knowledge|learning,ஸ்னாதகொ,noun,
-,ꢆ,ꢆꢦꢵꢤꢶ,sourashtra,,,'ꢆꢦꢤ':1 'upaadhi':2 'upadhi':3 'upādhi':4 'degree':5 'பட':6 'டம':7,education|knowledge|learning,उपाधि|உபாதி4|upaadhi|upAdhi|upādhi|upɑːd̪ʰɪ,,"{""""script"""":""""sourashtra"""",""""category"""":""""noun"""",""""type"""":""""abstract""""}"
^,,degree,english,,english,,education|knowledge|learning,,noun,
^,,பட்டம்,tamil,,tamil,'படடம':1 'degree':2 'பட':3 'டம':4,education|knowledge|learning,உபாதி4,noun,
-,ꢗ,ꢗ꣄qꢡꢸꢮ꣄ ꢒꣁꢜ꣄ꢜꣁ ꢮꢵꢗꢒꢱꢵꢭꣁ,sourashtra,,,'ꢗqꢡꢮꢒꢜꢜꢮꢗꢒꢱꢭ':1 'chqtuvkottovaachakasaalo':2 'cqtuvkottovacakasalo':3 'cqtuvkŏṭṭŏvācakasālŏ':4 'reading':5 'room':6 'library':7 'read':8 'பட':9 'பகம':10 'லகம':11,education|knowledge|learning,च॑तुव्का॑ट्टा॑ वाचकसाला॑|செது3வ்கொ2ட்டொ|chqtuv ko't't'o' vaachakasaalo'|cqtuv kOTTO vAcakasAlO|cqtuv kŏṭṭŏ vācakasālŏ|t͡ʃqt̪uʋ koʈʈo ʋɑːt͡ʃəkəs̪ɑːlo,,"{""""script"""":""""sourashtra"""",""""category"""":""""noun"""",""""type"""":""""abstract""""}"
^,,reading room/library,english,,english,,education|knowledge|learning,,noun,
^,,படிப்பகம் /நூலகம்,tamil,,tamil,'படபபகமநலகம':1 'reading':2 'room':3 'library':4 'read':5 'பட':6 'பகம':7 'லகம':8,education|knowledge|learning,செது3வ்கொ2ட்டொ,noun,
-,ꢗ,ꢗ꣄qꢡꢸꢮ꣄ ꢒꣁꢜ꣄ꢜꣁ ꢮꢵꢗꢒꢱꢵꢭꣁ,sourashtra,,,'ꢗqꢡꢮꢒꢜꢜꢮꢗꢒꢱꢭ':1 'chqtuvkottovaachakasaalo':2 'cqtuvkottovacakasalo':3 'cqtuvkŏṭṭŏvācakasālŏ':4 'reading':5 'room':6 'library':7 'read':8 'பட':9 'பகம':10 'லகம':11,education|knowledge|learning,च॑तुव्का॑ट्टा॑ वाचकसाला॑|வாசகஸாலொ|chqtuv ko't't'o' vaachakasaalo'|cqtuv kOTTO vAcakasAlO|cqtuv kŏṭṭŏ vācakasālŏ|t͡ʃqt̪uʋ koʈʈo ʋɑːt͡ʃəkəs̪ɑːlo,,"{""""script"""":""""sourashtra"""",""""category"""":""""noun"""",""""type"""":""""abstract""""}"
^,,reading room/library,english,,english,,education|knowledge|learning,,noun,
^,,படிப்பகம் /நூலகம்,tamil,,tamil,'படபபகமநலகம':1 'reading':2 'room':3 'library':4 'read':5 'பட':6 'பகம':7 'லகம':8,education|knowledge|learning,வாசகஸாலொ,noun,
-,ꢗ,ꢗꢾꢣꢸꢮ꣄,sourashtra,,,'ꢗꢣꢮ':1 'cheduv':2 'ceduv':3 'cĕduv':4 'studies':5 'study':6 'பட':7,education|knowledge|learning,च॑दुव्|செது3வ்|che'duv|cEduv|cĕduv|t͡ʃed̪uʋ,,"{""""script"""":""""sourashtra"""",""""category"""":""""noun"""",""""type"""":""""abstract""""}"
^,,studies,english,,english,,education|knowledge|learning,,noun,
^,,படிப்பு,tamil,,tamil,'படபப':1 'studies':2 'study':3 'பட':4,education|knowledge|learning,செது3வ்,noun,
-,ꢅ,ꢅꢔ꣄,sourashtra,,,'ꢅꢔ':1 'eeg':2 'ig':3 'īg':4 'studies':5 'study':6 'பட':7,education|knowledge|learning,ईग्|ஈக்3|eeg|Ig|īg|iːg,,"{""""script"""":""""sourashtra"""",""""category"""":""""noun"""",""""type"""":""""abstract""""}"
^,,studies,english,,english,,education|knowledge|learning,,noun,
^,,படிப்பு,tamil,,tamil,'படபப':1 'studies':2 'study':3 'பட':4,education|knowledge|learning,ஈக்3,noun,
-,ꢧ,ꢧꢬꢪ꣄,sourashtra,,,'ꢧꢬꢪ':1 'pharam':2 'form':3 'பட':4 'வம':5,education|knowledge|learning,फरम्|ப2ரம்|pharam|pharam|pharam|pʰəɾəm,,"{""""script"""":""""sourashtra"""",""""category"""":""""noun"""",""""type"""":""""abstract""""}"
^,,form,english,,english,,education|knowledge|learning,,noun,
^,,படிவம்,tamil,,tamil,'படவம':1 'form':2 'பட':3 'வம':4,education|knowledge|learning,ப2ரம்,noun,
-,ꢬ,ꢬꢱꢶꢥꢶ,sourashtra,,,'ꢬꢱꢥ':1 'rasini':2 'creative':3 'work':4 'பட':5,education|knowledge|learning,रचिनि|ரசினி|rasini|rasini|rasini|ɾəs̪ɪn̪ɪ,,"{""""script"""":""""sourashtra"""",""""category"""":""""noun"""",""""type"""":""""abstract""""}"
^,,creative work,english,,english,,education|knowledge|learning,,noun,
^,,படைப்பு,tamil,,tamil,'படபப':1 'creative':2 'work':3 'பட':4,education|knowledge|learning,ரசினி,noun,
-,ꢱ,ꢱꢛ꣄ꢗꢶꢒꣁ,sourashtra,,,'ꢱꢛꢗꢒ':1 'sanchiko':2 'sajciko':3 'sañcikŏ':4 'magazine':5 'பத':6,education|knowledge|learning,सञ्चिका॑|ஸஞ்சிகொ|sanchiko'|saJcikO|sañcikŏ|s̪əɲt͡ʃɪko,,"{""""script"""":""""sourashtra"""",""""category"""":""""noun"""",""""type"""":""""abstract""""}"
^,,magazine,english,,english,,education|knowledge|learning,,noun,
^,,பத்திரிகை,tamil,,tamil,'பததரக':1 'magazine':2 'பத':3,education|knowledge|learning,ஸஞ்சிகொ,noun,
-,ꢙ,ꢙꢾꢮꢵꢦ꣄,sourashtra,,,'ꢙꢮꢦ':1 'jevaap':2 'jevap':3 'jĕvāp':4 'answer':5 'பத':6,education|knowledge|learning,ज॑वाप्|ஜெவாப்|je'vaap|jEvAp|jĕvāp|d͡ʒeʋɑːp,,"{""""script"""":""""sourashtra"""",""""category"""":""""noun"""",""""type"""":""""abstract""""}"
^,,answer,english,,english,,education|knowledge|learning,,noun,
^,,பதில்,tamil,,tamil,'பதல':1 'answer':2 'பத':3,education|knowledge|learning,ஜெவாப்,noun,
-,ꢂ,ꢂꢩ꣄ꢫꢵꢱ꣄,sourashtra,,,'ꢂꢩꢫꢱ':1 'abhyaas':2 'abhyas':3 'abhyās':4 'learning':5 'learn':6 'பய':7 'தல':8,education|knowledge|learning,अभ्यास्|அப்4யாஸ்|abhyaas|abhyAs|abhyās|əbʰjɑːs̪,,"{""""script"""":""""sourashtra"""",""""category"""":""""noun"""",""""type"""":""""abstract""""}"
^,,learning,english,,english,,education|knowledge|learning,,noun,
^,,பயில்தல்,tamil,,tamil,'பயலதல':1 'learning':2 'learn':3 'பய':4 'தல':5,education|knowledge|learning,அப்4யாஸ்,noun,
-,ꢙ,ꢙꢿꢪ꣄,sourashtra,,,'ꢙꢪ':1 'jem':2 'prize':3 'பர':4,education|knowledge|learning,जेम्|ஜேம்|jem|jem|jem|d͡ʒeːm,,"{""""script"""":""""sourashtra"""",""""category"""":""""noun"""",""""type"""":""""abstract""""}"
^,,prize,english,,english,,education|knowledge|learning,,noun,
^,,பரிசு,tamil,,tamil,'பரச':1 'prize':2 'பர':3,education|knowledge|learning,ஜேம்,noun,
-,ꢦ,ꢦꢵꢬꢶꢡꣂꢱꢶꢒꣁ,sourashtra,,,'ꢦꢬꢡꢱꢒ':1 'paaritosiko':2 'paritosiko':3 'pāritosikŏ':4 'prize':5 'பர':6,education|knowledge|learning,पारितोसिका॑|பாரிதோஸிகொ|paaritosiko'|pAritosikO|pāritosikŏ|pɑːɾɪt̪oːs̪ɪko,,"{""""script"""":""""sourashtra"""",""""category"""":""""noun"""",""""type"""":""""abstract""""}"
^,,prize,english,,english,,education|knowledge|learning,,noun,
^,,பரிசு,tamil,,tamil,'பரச':1 'prize':2 'பர':3,education|knowledge|learning,பாரிதோஸிகொ,noun,
-,ꢦ,ꢦꢬꢶꢱꣁꢤꢥꣁ,sourashtra,,,'ꢦꢬꢱꢤꢥ':1 'parisodhano':2 'parisŏdhanŏ':3 'experiment':4 'பர':5 'தன':6,education|knowledge|learning,परिसोधना॑|பரிஸோத4னொ|pariso'dhano'|parisOdhanO|parisŏdhanŏ|pəɾɪs̪od̪ʰən̪o,,"{""""script"""":""""sourashtra"""",""""category"""":""""noun"""",""""type"""":""""abstract""""}"
^,,experiment,english,,english,,education|knowledge|learning,,noun,
^,,பரிசோதனை,tamil,,tamil,'பரசதன':1 'experiment':2 'பர':3 'தன':4,education|knowledge|learning,பரிஸோத4னொ,noun,
-,ꢦ,ꢦꢬ꣄ꢒ꣄ꢰꣁ,sourashtra,,,'ꢦꢬꢒꢰ':1 'parksho':2 'parkso':3 'parkṣŏ':4 'examinations':5 'examination':6 'பர':7,education|knowledge|learning,परिक्षो|பரிக்ஷொ|parksho'|parkSO|parkṣŏ|pəɾkʂo,,"{""""script"""":""""sourashtra"""",""""category"""":""""noun"""",""""type"""":""""abstract""""}"
^,,examinations,english,,english,,education|knowledge|learning,,noun,
^,,பரிட்சை,tamil,,tamil,'பரடச':1 'examinations':2 'examination':3 'பர':4,education|knowledge|learning,பரிக்ஷொ,noun,
-,ꢱ,ꢱꢬ꣄ꢮꢒꢭꢵꢱꢵꢭꣁ,sourashtra,,,'ꢱꢬꢮꢒꢭꢱꢭ':1 'sarvakalaasaalo':2 'sarvakalasalo':3 'sarvakalāsālŏ':4 'university':5 'பல':6 'கல':7 'கழகம':8,education|knowledge|learning,सर्वकलासाला॑|ஸர்வகலாஸாலொ|sarvakalaasaalo'|sarvakalAsAlO|sarvakalāsālŏ|s̪əɾʋəkəlɑːs̪ɑːlo,,"{""""script"""":""""sourashtra"""",""""category"""":""""noun"""",""""type"""":""""abstract""""}"
^,,university,english,,english,,education|knowledge|learning,,noun,
^,,பல்கலைக் கழகம்,tamil,,tamil,'பலகலககழகம':1 'university':2 'பல':3 'கல':4 'கழகம':5,education|knowledge|learning,ஸர்வகலாஸாலொ,noun,
-,ꢲ,ꢲꢸꢬꢶ,sourashtra,,,'ꢲꢬ':1 'huri':2 'school':3 'பள':4 'டம':5,education|knowledge|learning,हुरि|ஹுரி|huri|huri|huri|ɦuɾɪ,,"{""""script"""":""""sourashtra"""",""""category"""":""""noun"""",""""type"""":""""abstract""""}"
^,,school,english,,english,,education|knowledge|learning,,noun,
^,,பள்ளி / பள்ளிக்கூடம்,tamil,,tamil,'பளளபளளககடம':1 'school':2 'பள':3 'டம':4,education|knowledge|learning,ஹுரி,noun,
-,ꢙ,ꢙꢸꢥ꣄ꢥꢮꢵꢗꢸ,sourashtra,,,'ꢙꢥꢥꢮꢗ':1 'junnavaachu':2 'junnavacu':3 'junnavācu':4 'proverb':5 'பழம':6,education|knowledge|learning,जुन्नवाचु|ஜுன்னவாசு|junnavaachu|junnavAcu|junnavācu|d͡ʒun̪n̪əʋɑːt͡ʃu,,"{""""script"""":""""sourashtra"""",""""category"""":""""noun"""",""""type"""":""""abstract""""}"
^,,proverb,english,,english,,education|knowledge|learning,,noun,
^,,பழமொழி,tamil,,tamil,'பழமழ':1 'proverb':2 'பழம':3,education|knowledge|learning,ஜுன்னவாசு,noun,
-,ꢦ,ꢦ꣄ꢬꢵꢮꢵꢗꢸ,sourashtra,,,'ꢦꢬꢮꢗ':1 'praavaachu':2 'pravacu':3 'prāvācu':4 'proverb':5 'பழம':6,education|knowledge|learning,प्रावाचु|ப்ராவாசு|praavaachu|prAvAcu|prāvācu|pɾɑːʋɑːt͡ʃu,,"{""""script"""":""""sourashtra"""",""""category"""":""""noun"""",""""type"""":""""abstract""""}"
^,,proverb,english,,english,,education|knowledge|learning,,noun,
^,,பழமொழி,tamil,,tamil,'பழமழ':1 'proverb':2 'பழம':3,education|knowledge|learning,ப்ராவாசு,noun,
-,ꢔ,ꢔꢷꢡ꣄,sourashtra,,,'ꢔꢡ':1 'geet':2 'git':3 'gīt':4 'song':5,education|knowledge|learning,गीत्|கீ3த்|geet|gIt|gīt|giːt̪,,"{""""script"""":""""sourashtra"""",""""category"""":""""noun"""",""""type"""":""""abstract""""}"
^,,song,english,,english,,education|knowledge|learning,,noun,
^,,பாட்டு,tamil,,tamil,'படட':1 'song':2,education|knowledge|learning,கீ3த்,noun,
-,ꢦ,ꢦꢵꢝꢮꢶꢮꢬꢠꣁ,sourashtra,,,'ꢦꢝꢮꢮꢬꢠ':1 'paathavivarano':2 'pathavivarano':3 'pāṭhavivaraṇŏ':4 'syllabus':5 'டத':6 'டம':7,education|knowledge|learning,पाठविवरणा॑|பாட2விவரணொ|paat'havivarano'|pAThavivaraNO|pāṭhavivaraṇŏ|pɑːʈʰəʋɪʋəɾəɳo,,"{""""script"""":""""sourashtra"""",""""category"""":""""noun"""",""""type"""":""""abstract""""}"
^,,syllabus,english,,english,,education|knowledge|learning,,noun,
^,,பாடத்திட்டம்,tamil,,tamil,'படததடடம':1 'syllabus':2 'டத':3 'டம':4,education|knowledge|learning,பாட2விவரணொ,noun,
-,ꢦ,ꢦꢵꢝꢦꢸꢱ꣄ꢡꢮ꣄,sourashtra,,,'ꢦꢝꢦꢱꢡꢮ':1 'paathapustav':2 'pathapustav':3 'pāṭhapustav':4 'textbook':5 'டப':6 'தகம':7,education|knowledge|learning,पाठ्पुस्तव्|பாட2புஸ்தவ்|paat'hapustav|pAThapustav|pāṭhapustav|pɑːʈʰəpus̪t̪əʋ,,"{""""script"""":""""sourashtra"""",""""category"""":""""noun"""",""""type"""":""""abstract""""}"
^,,textbook,english,,english,,education|knowledge|learning,,noun,
^,,பாடப்புத்தகம்,tamil,,tamil,'படபபததகம':1 'textbook':2 'டப':3 'தகம':4,education|knowledge|learning,பாட2புஸ்தவ்,noun,
-,ꢦ,ꢦꢵꢝ꣄,sourashtra,,,'ꢦꢝ':1 'paath':2 'path':3 'pāṭh':4 'lesson':5 'டம':6,education|knowledge|learning,फठ|பாட்2|paat'h|pATh|pāṭh|pɑːʈʰ,,"{""""script"""":""""sourashtra"""",""""category"""":""""noun"""",""""type"""":""""abstract""""}"
^,,lesson,english,,english,,education|knowledge|learning,,noun,
^,,பாடம்,tamil,,tamil,'படம':1 'lesson':2 'டம':3,education|knowledge|learning,பாட்2,noun,
-,ꢦ,ꢦꣁꢬꣁ,sourashtra,,,'ꢦꢬ':1 'poro':2 'pŏrŏ':3 'error':4,education|knowledge|learning,पा॑रा॑|பொரொ|po'ro'|pOrO|pŏrŏ|poɾo,,"{""""script"""":""""sourashtra"""",""""category"""":""""noun"""",""""type"""":""""abstract""""}"
^,,error,english,,english,,education|knowledge|learning,,noun,
^,,பிழை,tamil,,tamil,'பழ':1 'error':2,education|knowledge|learning,பொரொ,noun,
-,ꢪ,ꢪꢥ꣄ꢡꢸ,sourashtra,,,'ꢪꢥꢡ':1 'mantu':2 'error':3,education|knowledge|learning,मन्तु|மந்து|mantu|mantu|mantu|mən̪t̪u,,"{""""script"""":""""sourashtra"""",""""category"""":""""noun"""",""""type"""":""""abstract""""}"
^,,error,english,,english,,education|knowledge|learning,,noun,
^,,பிழை,tamil,,tamil,'பழ':1 'error':2,education|knowledge|learning,மந்து,noun,
-,ꢦ,ꢦꣁꢡꢶ,sourashtra,,,'ꢦꢡ':1 'poti':2 'pŏti':3 'book':4 'தகம':5,education|knowledge|learning,पा॑ति|பொதி|po'ti|pOti|pŏti|pot̪ɪ,,"{""""script"""":""""sourashtra"""",""""category"""":""""noun"""",""""type"""":""""abstract""""}"
^,,book,english,,english,,education|knowledge|learning,,noun,
^,,புத்தகம்,tamil,,tamil,'பததகம':1 'book':2 'தகம':3,education|knowledge|learning,பொதி,noun,
-,ꢭ,ꢭꢵꢪ꣄ꢓꢾꢥꢶ,sourashtra,,,'ꢭꢪꢓꢥ':1 'laamkheni':2 'lamkheni':3 'lāmkhĕni':4 'novel':5 'னம':6,education|knowledge|learning,लाम्ख॑नि|லாம்கெ2னி|laamkhe'ni|lAmkhEni|lāmkhĕni|lɑːmkʰen̪ɪ,,"{""""script"""":""""sourashtra"""",""""category"""":""""noun"""",""""type"""":""""abstract""""}"
^,,novel,english,,english,,education|knowledge|learning,,noun,
^,,புதினம்,tamil,,tamil,'பதனம':1 'novel':2 'னம':3,education|knowledge|learning,லாம்கெ2னி,noun,
-,ꢥ,ꢥꣁꢮ꣄ꢮꢒꢮꢶꢡꣁ,sourashtra,,,'ꢥꢮꢮꢒꢮꢡ':1 'novvakavito':2 'nŏvvakavitŏ':3 'modern':4 'poetry':5 'free':6 'verse':7 'கவ':8,education|knowledge|learning,ना॑व्वकविता॑|நொவ்வ கவிதொ|no'vvakavito'|nOvvakavitO|nŏvvakavitŏ|n̪oʋʋəkəʋɪt̪o,,"{""""script"""":""""sourashtra"""",""""category"""":""""noun"""",""""type"""":""""abstract""""}"
^,,"modern poetry, free verse",english,,english,,education|knowledge|learning,,noun,
^,,புதுக்கவிதை,tamil,,tamil,'பதககவத':1 'modern':2 'poetry':3 'free':4 'verse':5 'கவ':6,education|knowledge|learning,நொவ்வ கவிதொ,noun,
-,ꢦ,ꢦꢸꢬꢵꢠꣁ,sourashtra,,,'ꢦꢬꢠ':1 'puraano':2 'purano':3 'purāṇŏ':4 'mythology':5 'ணம':6,education|knowledge|learning,पुराणा॑|புராணொ|puraano'|purANO|purāṇŏ|puɾɑːɳo,,"{""""script"""":""""sourashtra"""",""""category"""":""""noun"""",""""type"""":""""abstract""""}"
^,,mythology,english,,english,,education|knowledge|learning,,noun,
^,,புராணம்,tamil,,tamil,'பரணம':1 'mythology':2 'ணம':3,education|knowledge|learning,புராணொ,noun,
-,ꢪ,ꢪꢴꢵ ꢏꢣ꣄ꢣꢶ,sourashtra,,,'ꢪꢏꢣꢣ':1 'mhaaoddi':2 'mhaoddi':3 'mhāŏddi':4 'professor':5 'யர':6,education|knowledge|learning,म्हा आ॑द्दि|மா: ஒத்3தி3|mhaa o'ddi|mhA Oddi|mhā ŏddi|mɦɑː od̪d̪ɪ,,"{""""script"""":""""sourashtra"""",""""category"""":""""noun"""",""""type"""":""""abstract""""}"
^,,professor,english,,english,,education|knowledge|learning,,noun,
^,,பேராசிரியர்,tamil,,tamil,'பரசரயர':1 'professor':2 'யர':3,education|knowledge|learning,மா: ஒத்3தி3,noun,
-,ꢭ,ꢭꢶꢒ꣄ꢭꣁ,sourashtra,,,'ꢭꢒꢭ':1 'liklo':2 'liklŏ':3 'pen':4,education|knowledge|learning,लिक्ला॑|லிக்லொ|liklo'|liklO|liklŏ|lɪklo,,"{""""script"""":""""sourashtra"""",""""category"""":""""noun"""",""""type"""":""""abstract""""}"
^,,pen,english,,english,,education|knowledge|learning,,noun,
^,,பேனா,tamil,,tamil,'பன':1 'pen':2,education|knowledge|learning,லிக்லொ,noun,
-,ꢮ,ꢮꢶꢰꢫꢸ,sourashtra,,,'ꢮꢰꢫ':1 'vishayu':2 'visayu':3 'viṣayu':4 'subject':5,education|knowledge|learning,विषयु|விஷயு|vishayu|viSayu|viṣayu|ʋɪʂəju,,"{""""script"""":""""sourashtra"""",""""category"""":""""noun"""",""""type"""":""""abstract""""}"
^,,subject,english,,english,,education|knowledge|learning,,noun,
^,,பொருள்,tamil,,tamil,'பரள':1 'subject':2,education|knowledge|learning,விஷயு,noun,
-,ꢫ,ꢫꢥ꣄ꢡ꣄ꢬꢸꢮꢶꢣ꣄ꢫꣁ,sourashtra,,,'ꢫꢥꢡꢬꢮꢣꢫ':1 'yantruvidyo':2 'yantruvidyŏ':3 'engineering':4 'engineer':5 'யல':6,education|knowledge|learning,यन्त्रु विद्या॑|யந்த்ருவித்3யொ|yantruvidyo'|yantruvidyO|yantruvidyŏ|jən̪t̪ɾuʋɪd̪jo,,"{""""script"""":""""sourashtra"""",""""category"""":""""noun"""",""""type"""":""""abstract""""}"
^,,engineering,english,,english,,education|knowledge|learning,,noun,
^,,பொறியியல்,tamil,,tamil,'பறயயல':1 'engineering':2 'engineer':3 'யல':4,education|knowledge|learning,யந்த்ருவித்3யொ,noun,
-,ꢫ,ꢫꢥ꣄ꢡ꣄ꢬꢸ ꢮꢶꢔ꣄ꢛꢵꢥ꣄,sourashtra,,,'ꢫꢥꢡꢬꢮꢔꢛꢥ':1 'yantruvignjaan':2 'yantruvigjan':3 'yantruvigñān':4 'engineering':5 'engineer':6 'யல':7,education|knowledge|learning,यन्त्रु विग्ञान्|யந்த்ரு விக்3ஞான்|yantru vignjaan|yantru vigJAn|yantru vigñān|jən̪t̪ɾu ʋɪgɲɑːn̪,,"{""""script"""":""""sourashtra"""",""""category"""":""""noun"""",""""type"""":""""abstract""""}"
^,,engineering,english,,english,,education|knowledge|learning,,noun,
^,,பொறியியல்,tamil,,tamil,'பறயயல':1 'engineering':2 'engineer':3 'யல':4,education|knowledge|learning,யந்த்ரு விக்3ஞான்,noun,
-,ꢦ,ꢦꣁꢥ꣄ꢡꢶ,sourashtra,,,'ꢦꢥꢡ':1 'ponti':2 'pŏnti':3 'competition':4,education|knowledge|learning,पा॑न्ति|பொந்தி|po'nti|pOnti|pŏnti|pon̪t̪ɪ,,"{""""script"""":""""sourashtra"""",""""category"""":""""noun"""",""""type"""":""""abstract""""}"
^,,competition,english,,english,,education|knowledge|learning,,noun,
^,,போட்டி,tamil,,tamil,'படட':1 'competition':2,education|knowledge|learning,பொந்தி,noun,
-,ꢱ,ꢱ꣄ꢦꢬ꣄ꢤꣁ,sourashtra,,,'ꢱꢦꢬꢤ':1 'spardho':2 'spardhŏ':3 'competition':4,education|knowledge|learning,स्वर्धा॑|ஸ்பர்தொ4|spardho'|spardhO|spardhŏ|s̪pəɾd̪ʰo,,"{""""script"""":""""sourashtra"""",""""category"""":""""noun"""",""""type"""":""""abstract""""}"
^,,competition,english,,english,,education|knowledge|learning,,noun,
^,,போட்டி,tamil,,tamil,'படட':1 'competition':2,education|knowledge|learning,ஸ்பர்தொ4,noun,
-,ꢏ,ꢏꢫ꣄ꢣꢦꢥ꣄,sourashtra,,,'ꢏꢫꢣꢦꢥ':1 'oydapan':2 'ŏydapan':3 'treatment':4 'மர':5 'வம':6,education|knowledge|learning,आ॑य्दपन्न|ஒய்த3பன்|o'ydapan|Oydapan|ŏydapan|ojd̪əpən̪,,"{""""script"""":""""sourashtra"""",""""category"""":""""noun"""",""""type"""":""""abstract""""}"
^,,treatment,english,,english,,education|knowledge|learning,,noun,
^,,மருத்துவம்,tamil,,tamil,'மரததவம':1 'treatment':2 'மர':3 'வம':4,education|knowledge|learning,ஒய்த3பன்,noun,
-,ꢲ,ꢲꣁꢔꢡ꣄,sourashtra,,,'ꢲꢔꢡ':1 'hogat':2 'hŏgat':3 'medicine':4 'மர':5,education|knowledge|learning,हा॑गत्|ஹொக3த்|ho'gat|hOgat|hŏgat|ɦogət̪,,"{""""script"""":""""sourashtra"""",""""category"""":""""noun"""",""""type"""":""""abstract""""}"
^,,medicine,english,,english,,education|knowledge|learning,,noun,
^,,மருந்து,tamil,,tamil,'மரநத':1 'medicine':2 'மர':3,education|knowledge|learning,ஹொக3த்,noun,
-,ꢥ,ꢥꢴꢸꢬꢸꢥꢸ ꢲꢸꢬꢶ,sourashtra,,,'ꢥꢬꢥꢲꢬ':1 'nhurunuhuri':2 'nursery':3 'school':4 'மழல':5 'பள':6,education|knowledge|learning,न्हुरुनु हुरि|நு:ருனு ஹுரி|nhurunu huri|nhurunu huri|nhurunu huri|n̪ɦuɾun̪u ɦuɾɪ,,"{""""script"""":""""sourashtra"""",""""category"""":""""noun"""",""""type"""":""""abstract""""}"
^,,nursery school,english,,english,,education|knowledge|learning,,noun,
^,,மழலைப்பள்ளி,tamil,,tamil,'மழலபபளள':1 'nursery':2 'school':3 'மழல':4 'பள':5,education|knowledge|learning,நு:ருனு ஹுரி,noun,
-,ꢮ,ꢮꢶꢣ꣄ꢫꢵꢬ꣄ꢡꢶ,sourashtra,,,'ꢮꢣꢫꢬꢡ':1 'vidyaarti':2 'vidyarti':3 'vidyārti':4 'student':5 'ணவன':6,education|knowledge|learning,विद्यार्ति|வித்3யார்தி2|vidyaarti|vidyArti|vidyārti|ʋɪd̪jɑːɾt̪ɪ,,"{""""script"""":""""sourashtra"""",""""category"""":""""noun"""",""""type"""":""""abstract""""}"
^,,student,english,,english,,education|knowledge|learning,,noun,
^,,மாணவன்,tamil,,tamil,'மணவன':1 'student':2 'ணவன':3,education|knowledge|learning,வித்3யார்தி2,noun,
-,ꢮ,ꢮꢶꢣ꣄ꢫꢵꢬ꣄ꢡ꣄ꢡꢶꢥꢶ,sourashtra,,,'ꢮꢣꢫꢬꢡꢡꢥ':1 'vidyaarttini':2 'vidyarttini':3 'vidyārttini':4 'student':5 'ணவ':6,education|knowledge|learning,विद्यार्त्तिनि|வித்3யார்தி2னி|vidyaarttini|vidyArttini|vidyārttini|ʋɪd̪jɑːɾt̪t̪ɪn̪ɪ,,"{""""script"""":""""sourashtra"""",""""category"""":""""noun"""",""""type"""":""""abstract""""}"
^,,student,english,,english,,education|knowledge|learning,,noun,
^,,மாணவி,tamil,,tamil,'மணவ':1 'student':2 'ணவ':3,education|knowledge|learning,வித்3யார்தி2னி,noun,
-,ꢧ,ꢧꣀꢭꢮꢬ꣄ꢔꢸ,sourashtra,,,'ꢧꢭꢮꢬꢔ':1 'phailavargu':2 'first':3 'class':4 'தல':5 'வக':6,education|knowledge|learning,फैलवर्गु|பை2லவர்கு3|phailavargu|phailavargu|phailavargu|pʰəɪləʋəɾgu,,"{""""script"""":""""sourashtra"""",""""category"""":""""noun"""",""""type"""":""""abstract""""}"
^,,first class,english,,english,,education|knowledge|learning,,noun,
^,,முதல் வகுப்பு,tamil,,tamil,'மதலவகபப':1 'first':2 'class':3 'தல':4 'வக':5,education|knowledge|learning,பை2லவர்கு3,noun,
-,ꢦ,ꢦ꣄ꢬꢤꢵꢥꣁꢣ꣄ꢣꢶ,sourashtra,,,'ꢦꢬꢤꢥꢣꢣ':1 'pradhaanoddi':2 'pradhanoddi':3 'pradhānŏddi':4 'principal':5 'தல':6 'வர':7,education|knowledge|learning,प्रधान् आ॑द्दि|ப்ரதா4ன்ஒத்3தி3|pradhaano'ddi|pradhAnOddi|pradhānŏddi|pɾəd̪ʰɑːn̪od̪d̪ɪ,,"{""""script"""":""""sourashtra"""",""""category"""":""""noun"""",""""type"""":""""abstract""""}"
^,,principal,english,,english,,education|knowledge|learning,,noun,
^,,முதல்வர்,tamil,,tamil,'மதலவர':1 'principal':2 'தல':3 'வர':4,education|knowledge|learning,ப்ரதா4ன்ஒத்3தி3,noun,
-,ꢧ,ꢧꣀꢭꢯ꣄꣄ꢬꢿꢥꢶ,sourashtra,,,'ꢧꢭꢯꢬꢥ':1 'phailashreni':2 'phailazreni':3 'phailaśreni':4 'first':5 'rank':6 'தல':7 'டம':8,education|knowledge|learning,फैलश्रेनि|பை2லஶ்ரேநி|phailashreni|phailazreni|phailaśreni|pʰəɪləʃɾeːn̪ɪ,,"{""""script"""":""""sourashtra"""",""""category"""":""""noun"""",""""type"""":""""abstract""""}"
^,,first rank,english,,english,,education|knowledge|learning,,noun,
^,,முதலிடம்,tamil,,tamil,'மதலடம':1 'first':2 'rank':3 'தல':4 'டம':5,education|knowledge|learning,பை2லஶ்ரேநி,noun,
-,ꢪ,ꢪꣀ,sourashtra,,,'mai':1 'ink':2,education|knowledge|learning,मै|மை|mai|mai|mai|məɪ,,"{""""script"""":""""sourashtra"""",""""category"""":""""noun"""",""""type"""":""""abstract""""}"
^,,ink,english,,english,,education|knowledge|learning,,noun,
^,,மை,tamil,,tamil,'ink':1,education|knowledge|learning,மை,noun,
-,ꢩ,ꢩꢵꢰꣁ,sourashtra,,,'ꢩꢰ':1 'bhaasho':2 'bhaso':3 'bhāṣŏ':4 'language':5,education|knowledge|learning,भाषा॑|பா4ஷொ|bhaasho'|bhASO|bhāṣŏ|bʰɑːʂo,,"{""""script"""":""""sourashtra"""",""""category"""":""""noun"""",""""type"""":""""abstract""""}"
^,,language,english,,english,,education|knowledge|learning,,noun,
^,,மொழி,tamil,,tamil,'மழ':1 'language':2,education|knowledge|learning,பா4ஷொ,noun,
-,ꢩ,ꢩꢵꢰꢵ ꢬꢷꢡꢶ,sourashtra,,,'ꢩꢰꢬꢡ':1 'bhaashaareeti':2 'bhasariti':3 'bhāṣārīti':4 'language':5 'style':6 'நட':7,education|knowledge|learning,भाषा रीति|பா4ஷா ரீதி|bhaashaa reeti|bhASA rIti|bhāṣā rīti|bʰɑːʂɑː ɾiːt̪ɪ,,"{""""script"""":""""sourashtra"""",""""category"""":""""noun"""",""""type"""":""""abstract""""}"
^,,language style,english,,english,,education|knowledge|learning,,noun,
^,,மொழிநடை,tamil,,tamil,'மழநட':1 'language':2 'style':3 'நட':4,education|knowledge|learning,பா4ஷா ரீதி,noun,
-,ꢩ,ꢩꢵꢰꢵ ꢪꢬ꣄ꢗꢶꢥꢶ,sourashtra,,,'ꢩꢰꢪꢬꢗꢥ':1 'bhaashaamarchini':2 'bhasamarcini':3 'bhāṣāmarcini':4 'translation':5 'யர':6,education|knowledge|learning,भाषा मर्च्चिनि|பா4ஷா மர்சினி|bhaashaa marchini|bhASA marcini|bhāṣā marcini|bʰɑːʂɑː məɾt͡ʃɪn̪ɪ,,"{""""script"""":""""sourashtra"""",""""category"""":""""noun"""",""""type"""":""""abstract""""}"
^,,translation,english,,english,,education|knowledge|learning,,noun,
^,,மொழிபெயர்ப்பு,tamil,,tamil,'மழபயரபப':1 'translation':2 'யர':3,education|knowledge|learning,பா4ஷா மர்சினி,noun,
-,ꢂ,ꢂꢥꢸꢮꢵꢣ꣄,sourashtra,,,'ꢂꢥꢮꢣ':1 'anuvaad':2 'anuvad':3 'anuvād':4 'translation':5 'யர':6,education|knowledge|learning,अनुवाद्|அனுவாத்3|anuvaad|anuvAd|anuvād|ən̪uʋɑːd̪,,"{""""script"""":""""sourashtra"""",""""category"""":""""noun"""",""""type"""":""""abstract""""}"
^,,translation,english,,english,,education|knowledge|learning,,noun,
^,,மொழிபெயர்ப்பு,tamil,,tamil,'மழபயரபப':1 'translation':2 'யர':3,education|knowledge|learning,அனுவாத்3,noun,
-,ꢩ,ꢩꢵꢱꢵꢥ꣄ꢡꢬ꣄,sourashtra,,,'ꢩꢱꢥꢡꢬ':1 'bhaasaantar':2 'bhasantar':3 'bhāsāntar':4 'translation':5 'யர':6,education|knowledge|learning,भाषान्तर्|பா4ஷாந்தர்|bhaasaantar|bhAsAntar|bhāsāntar|bʰɑːs̪ɑːn̪t̪əɾ,,"{""""script"""":""""sourashtra"""",""""category"""":""""noun"""",""""type"""":""""abstract""""}"
^,,translation,english,,english,,education|knowledge|learning,,noun,
^,,மொழிபெயர்ப்பு,tamil,,tamil,'மழபயரபப':1 'translation':2 'யர':3,education|knowledge|learning,பா4ஷாந்தர்,noun,
-,ꢡ,ꢡꢬ꣄ꢙꢪꣁ,sourashtra,,,'ꢡꢬꢙꢪ':1 'tarjamo':2 'tarjamŏ':3 'translation':4 'யர':5,education|knowledge|learning,तर्जमा॑|தர்ஜமொ|tarjamo'|tarjamO|tarjamŏ|t̪əɾd͡ʒəmo,,"{""""script"""":""""sourashtra"""",""""category"""":""""noun"""",""""type"""":""""abstract""""}"
^,,translation,english,,english,,education|knowledge|learning,,noun,
^,,மொழிபெயர்ப்பு,tamil,,tamil,'மழபயரபப':1 'translation':2 'யர':3,education|knowledge|learning,தர்ஜமொ,noun,
-,ꢩ,ꢩꢵꢰꢵꢮꢶꢔ꣄ꢛꢵꢥ꣄,sourashtra,,,'ꢩꢰꢮꢔꢛꢥ':1 'bhaashaavignjaan':2 'bhasavigjan':3 'bhāṣāvigñān':4 'linguistics':5 'யல':6,education|knowledge|learning,भाषाविगञान|பா4ஷாவிக்3ஞான்|bhaashaavignjaan|bhASAvigJAn|bhāṣāvigñān|bʰɑːʂɑːʋɪgɲɑːn̪,,"{""""script"""":""""sourashtra"""",""""category"""":""""noun"""",""""type"""":""""abstract""""}"
^,,linguistics,english,,english,,education|knowledge|learning,,noun,
^,,மொழியியல்,tamil,,tamil,'மழயயல':1 'linguistics':2 'யல':3,education|knowledge|learning,பா4ஷாவிக்3ஞான்,noun,
-,ꢮ,ꢮꢬ꣄ꢒꢸ,sourashtra,,,'ꢮꢬꢒ':1 'varku':2 'classroom':3 'வக':4,education|knowledge|learning,वर्कु|வர்கு3|varku|varku|varku|ʋəɾku,,"{""""script"""":""""sourashtra"""",""""category"""":""""noun"""",""""type"""":""""abstract""""}"
^,,classroom,english,,english,,education|knowledge|learning,,noun,
^,,வகுப்பு,tamil,,tamil,'வகபப':1 'classroom':2 'வக':3,education|knowledge|learning,வர்கு3,noun,
-,ꢗ,ꢗꢬꢶꢡ꣄ꢬꢸ,sourashtra,,,'ꢗꢬꢡꢬ':1 'charitru':2 'caritru':3 'history':4 'வரல':5,education|knowledge|learning,चरित्रु|சரித்ரு|charitru|caritru|caritru|t͡ʃəɾɪt̪ɾu,,"{""""script"""":""""sourashtra"""",""""category"""":""""noun"""",""""type"""":""""abstract""""}"
^,,history,english,,english,,education|knowledge|learning,,noun,
^,,வரலாறு,tamil,,tamil,'வரலற':1 'history':2 'வரல':3,education|knowledge|learning,சரித்ரு,noun,
-,ꢮ,ꢮꢡ꣄ꢡꣁ,sourashtra,,,'ꢮꢡꢡ':1 'vatto':2 'vattŏ':3 'word':4,education|knowledge|learning,वत्त|வத்தொ|vatto'|vattO|vattŏ|ʋət̪t̪o,,"{""""script"""":""""sourashtra"""",""""category"""":""""noun"""",""""type"""":""""abstract""""}"
^,,word,english,,english,,education|knowledge|learning,,noun,
^,,வார்த்தை,tamil,,tamil,'வரதத':1 'word':2,education|knowledge|learning,வத்தொ,noun,
-,ꢯ,ꢯꢨ꣄ꢣꢸ ꢴ,sourashtra,,,'ꢯꢨꢣ':1 'shabduha':2 'zabduha':3 'śabduha':4 'word':5,education|knowledge|learning,शब्दु|ஶப்3து3|shabdu ha|zabdu ha|śabdu ha|ʃəbd̪u ɦə,,"{""""script"""":""""sourashtra"""",""""category"""":""""noun"""",""""type"""":""""abstract""""}"
^,,word,english,,english,,education|knowledge|learning,,noun,
^,,வார்த்தை,tamil,,tamil,'வரதத':1 'word':2,education|knowledge|learning,ஶப்3து3,noun,
-,ꢮ,ꢮꢔ꣄ꢛꢵꢥ꣄,sourashtra,,,'ꢮꢔꢛꢥ':1 'vagnjaan':2 'vagjan':3 'vagñān':4 'science':5 'னம':6,education|knowledge|learning,विगञान|விக்3ஞான்|vagnjaan|vagJAn|vagñān|ʋəgɲɑːn̪,,"{""""script"""":""""sourashtra"""",""""category"""":""""noun"""",""""type"""":""""abstract""""}"
^,,science,english,,english,,education|knowledge|learning,,noun,
^,,விஞ்ஞானம்,tamil,,tamil,'வஞஞனம':1 'science':2 'னம':3,education|knowledge|learning,விக்3ஞான்,noun,
-,ꢮ,ꢮꢔ꣄ꢛꢵꢥꢶ,sourashtra,,,'ꢮꢔꢛꢥ':1 'vagnjaani':2 'vagjani':3 'vagñāni':4 'scientist':5,education|knowledge|learning,विगञानि|விக்3ஞானி|vagnjaani|vagJAni|vagñāni|ʋəgɲɑːn̪ɪ,,"{""""script"""":""""sourashtra"""",""""category"""":""""noun"""",""""type"""":""""abstract""""}"
^,,scientist,english,,english,,education|knowledge|learning,,noun,
^,,விஞ்ஞானி,tamil,,tamil,'வஞஞன':1 'scientist':2,education|knowledge|learning,விக்3ஞானி,noun,
-,ꢯ,ꢯꣁꢞ꣄ꢠꢶ,sourashtra,,,'ꢯꢞꢠ':1 'shodni':2 'zodni':3 'śŏḍṇi':4 'leave':5,education|knowledge|learning,सा॑ड्णि|ஸொட்3ணி|sho'd'ni|zODNi|śŏḍṇi|ʃoɖɳɪ,,"{""""script"""":""""sourashtra"""",""""category"""":""""noun"""",""""type"""":""""abstract""""}"
^,,leave,english,,english,,education|knowledge|learning,,noun,
^,,விடுப்பு,tamil,,tamil,'வடபப':1 'leave':2,education|knowledge|learning,ஸொட்3ணி,noun,
-,ꢯ,ꢯꣂꢞꢸ,sourashtra,,,'ꢯꢞ':1 'shodu':2 'zodu':3 'śoḍu':4 'leave':5,education|knowledge|learning,शोडु|ஸோடு3|shod'u|zoDu|śoḍu|ʃoːɖu,,"{""""script"""":""""sourashtra"""",""""category"""":""""noun"""",""""type"""":""""abstract""""}"
^,,leave,english,,english,,education|knowledge|learning,,noun,
^,,விடுப்பு,tamil,,tamil,'வடபப':1 'leave':2,education|knowledge|learning,ஸோடு3,noun,
-,ꢱ,ꢱꣁꢞ꣄ꢮꢵꢬ꣄,sourashtra,,,'ꢱꢞꢮꢬ':1 'sodvaar':2 'sodvar':3 'sŏḍvār':4 'holiday':5,education|knowledge|learning,सा॑ड्वार|ஸொட்3வார்|so'd'vaar|sODvAr|sŏḍvār|s̪oɖʋɑːɾ,,"{""""script"""":""""sourashtra"""",""""category"""":""""noun"""",""""type"""":""""abstract""""}"
^,,holiday,english,,english,,education|knowledge|learning,,noun,
^,,விடுமுறை,tamil,,tamil,'வடமற':1 'holiday':2,education|knowledge|learning,ஸொட்3வார்,noun,
-,ꢙ,ꢙꢮꢵꢨ꣄,sourashtra,,,'ꢙꢮꢨ':1 'javaab':2 'javab':3 'javāb':4 'answer':5,education|knowledge|learning,जवाब्|ஜவாப்3|javaab|javAb|javāb|d͡ʒəʋɑːb,,"{""""script"""":""""sourashtra"""",""""category"""":""""noun"""",""""type"""":""""abstract""""}"
^,,answer,english,,english,,education|knowledge|learning,,noun,
^,,விடை,tamil,,tamil,'வட':1 'answer':2,education|knowledge|learning,ஜவாப்3,noun,
-,ꢮ,ꢮꢶꢮꢵꢡ꣄,sourashtra,,,'ꢮꢮꢡ':1 'vivaat':2 'vivat':3 'vivāt':4 'debate':5 'தம':6,education|knowledge|learning,विवात्|விவாத்3|vivaat|vivAt|vivāt|ʋɪʋɑːt̪,,"{""""script"""":""""sourashtra"""",""""category"""":""""noun"""",""""type"""":""""abstract""""}"
^,,debate,english,,english,,education|knowledge|learning,,noun,
^,,விவாதம்,tamil,,tamil,'வவதம':1 'debate':2 'தம':3,education|knowledge|learning,விவாத்3,noun,
-,ꢦ,ꢦ꣄ꢬꢰ꣄ꢥꣁ,sourashtra,,,'ꢦꢬꢰꢥ':1 'prashno':2 'prasno':3 'praṣnŏ':4 'question':5,education|knowledge|learning,प्रष्णा॑|ப்ரஷ்னொ|prashno'|praSnO|praṣnŏ|pɾəʂn̪o,,"{""""script"""":""""sourashtra"""",""""category"""":""""noun"""",""""type"""":""""abstract""""}"
^,,question,english,,english,,education|knowledge|learning,,noun,
^,,வினா,tamil,,tamil,'வன':1 'question':2,education|knowledge|learning,ப்ரஷ்னொ,noun,
-,ꢦ,ꢦꢸꢱꢶꢥꢶ,sourashtra,,,'ꢦꢱꢥ':1 'pusini':2 'question':3,education|knowledge|learning,पुसिनि|புஸினி|pusini|pusini|pusini|pus̪ɪn̪ɪ,,"{""""script"""":""""sourashtra"""",""""category"""":""""noun"""",""""type"""":""""abstract""""}"
^,,question,english,,english,,education|knowledge|learning,,noun,
^,,வினா,tamil,,tamil,'வன':1 'question':2,education|knowledge|learning,புஸினி,noun,
-,ꢦ,ꢦꢸꢱꢵꢮ꣄,sourashtra,,,'ꢦꢱꢮ':1 'pusaav':2 'pusav':3 'pusāv':4 'question':5,education|knowledge|learning,पुसाव|புஸாவ்|pusaav|pusAv|pusāv|pus̪ɑːʋ,,"{""""script"""":""""sourashtra"""",""""category"""":""""noun"""",""""type"""":""""abstract""""}"
^,,question,english,,english,,education|knowledge|learning,,noun,
^,,வினா,tamil,,tamil,'வன':1 'question':2,education|knowledge|learning,புஸாவ்,noun,
-,ꢦ,ꢦ꣄ꢬꢰ꣄ꢥ ꢦꢡ꣄ꢬꣁ,sourashtra,,,'ꢦꢬꢰꢥꢦꢡꢬ':1 'prashnapatro':2 'prasnapatro':3 'praṣnapatrŏ':4 'question':5 'paper':6,education|knowledge|learning,प्रष्न पत्रा॑|ப்ரஷ்ன பத்ரொ|prashna patro'|praSna patrO|praṣna patrŏ|pɾəʂn̪ə pət̪ɾo,,"{""""script"""":""""sourashtra"""",""""category"""":""""noun"""",""""type"""":""""abstract""""}"
^,,question paper,english,,english,,education|knowledge|learning,,noun,
^,,வினாத்தாள்,tamil,,tamil,'வனததள':1 'question':2 'paper':3,education|knowledge|learning,ப்ரஷ்ன பத்ரொ,noun,
-,ꢒ,ꢒꣁꢪ꣄ꢪꢵ ꢂꢩ꣄ꢫꢵꢱ꣄,sourashtra,,,'ꢒꢪꢪꢂꢩꢫꢱ':1 'kommaaabhyaas':2 'kommaabhyas':3 'kŏmmāabhyās':4 'home':5 'work':6 'டம':7,education|knowledge|learning,गा॑म्मा अभ्यास्|கொ3ம்மா அப்4யாஸ்|ko'mmaa abhyaas|kOmmA abhyAs|kŏmmā abhyās|kommɑː əbʰjɑːs̪,,"{""""script"""":""""sourashtra"""",""""category"""":""""noun"""",""""type"""":""""abstract""""}"
^,,home work,english,,english,,education|knowledge|learning,,noun,
^,,வீட்டுப்பாடம்,tamil,,tamil,'வடடபபடம':1 'home':2 'work':3 'டம':4,education|knowledge|learning,கொ3ம்மா அப்4யாஸ்,noun,
