-,ꢨ,ꢨꣁꢭꢵꢤꢶꢞꣁ,sourashtra,,,'ꢨꢭꢤꢞ':1 'bolaadhido':2 'boladhido':3 'bŏlādhiḍŏ':4 'kind':5 'pane':6 'cake':7 'with':8 'daals':9 'அட':10,eating|food|nourishment,ब॑लाधिडा॑|பெ3ளாதி4டொ3|bo'laadhid'o'|bOlAdhiDO|bŏlādhiḍŏ|bolɑːd̪ʰɪɖo,,"{""""script"""":""""sourashtra"""",""""category"""":""""noun"""",""""type"""":""""abstract""""}"
^,,a kind of pane cake with daals,english,,english,,eating|food|nourishment,,noun,
^,,அடை,tamil,,tamil,'அட':1 'kind':2 'pane':3 'cake':4 'with':5 'daals':6,eating|food|nourishment,பெ3ளாதி4டொ3,noun,
-,ꢂ,ꢂꢜꣀ,sourashtra,,,'ꢂꢜ':1 'atai':2 'aṭai':3 'kind':4 'pane':5 'cake':6 'with':7 'daals':8 'அட':9,eating|food|nourishment,अटै|அடை3|at'ai|aTai|aṭai|əʈəɪ,,"{""""script"""":""""sourashtra"""",""""category"""":""""noun"""",""""type"""":""""abstract""""}"
^,,a kind of pane cake with daals,english,,english,,eating|food|nourishment,,noun,
^,,அடை,tamil,,tamil,'அட':1 'kind':2 'pane':3 'cake':4 'with':5 'daals':6,eating|food|nourishment,அடை3,noun,
-,ꢦ,ꢦꢸꢬꢶ,sourashtra,,,'ꢦꢬ':1 'puri':2 'sweet':3 'made':4 'out':5 'rice':6 'flour':7 'make':8 'அத':9 'ரசம':10,eating|food|nourishment,पुरि|புரி|puri|puri|puri|puɾɪ,,"{""""script"""":""""sourashtra"""",""""category"""":""""noun"""",""""type"""":""""abstract""""}"
^,,a sweet   made out of rice flour,english,,english,,eating|food|nourishment,,noun,
^,,அதிரசம்,tamil,,tamil,'அதரசம':1 'sweet':2 'made':3 'out':4 'rice':5 'flour':6 'make':7 'அத':8 'ரசம':9,eating|food|nourishment,புரி,noun,
-,ꢂ,ꢂꢦ꣄ꢦꢸꢞꢵꢭ꣄,sourashtra,,,'ꢂꢦꢦꢞꢭ':1 'appudaal':2 'appudal':3 'appuḍāl':4 'papad':5 'அப':6 'பளம':7,eating|food|nourishment,अप्पुडाल्|அப்புடா3ல்|appud'aal|appuDAl|appuḍāl|əppuɖɑːl,,"{""""script"""":""""sourashtra"""",""""category"""":""""noun"""",""""type"""":""""abstract""""}"
^,,papad,english,,english,,eating|food|nourishment,,noun,
^,,அப்பளம்,tamil,,tamil,'அபபளம':1 'papad':2 'அப':3 'பளம':4,eating|food|nourishment,அப்புடா3ல்,noun,
-,ꢂ,ꢂꢜ꣄ꢒꢸꢭ꣄,sourashtra,,,'ꢂꢜꢒꢭ':1 'atkul':2 'aṭkul':3 'flattened':4 'rice':5 'flatten':6 'அவல':7,eating|food|nourishment,अट्कुल्|அட்குல்|at'kul|aTkul|aṭkul|əʈkul,,"{""""script"""":""""sourashtra"""",""""category"""":""""noun"""",""""type"""":""""abstract""""}"
^,,flattened rice,english,,english,,eating|food|nourishment,,noun,
^,,அவல்,tamil,,tamil,'அவல':1 'flattened':2 'rice':3 'flatten':4,eating|food|nourishment,அட்குல்,noun,
-,ꢒ,ꢒꢫ꣄ꢫꢵꢥ꣄ ꢡꢾꢳ꣄ꢥꢶ,sourashtra,,,'ꢒꢫꢫꢥꢡꢳꢥ':1 'kayyaantelni':2 'kayyantelni':3 'kayyāntĕlni':4 'mixed':5 'vegetable':6 'preparation':7 'mix':8 'அவ':9 'யல':10,eating|food|nourishment,कय्यान्त॑ळ्नि|கய்லான்தெள்னி|kayyaan te'l'ni|kayyAn tELni|kayyān tĕl̤ni|kəjjɑːn̪ t̪eɭn̪ɪ,,"{""""script"""":""""sourashtra"""",""""category"""":""""noun"""",""""type"""":""""abstract""""}"
^,,a mixed vegetable preparation,english,,english,,eating|food|nourishment,,noun,
^,,அவியல்,tamil,,tamil,'அவயல':1 'mixed':2 'vegetable':3 'preparation':4 'mix':5 'அவ':6 'யல':7,eating|food|nourishment,கய்லான்தெள்னி,noun,
-,ꢒ,ꢒꢫ꣄ꢫꢵꢥ꣄ ꢡꢾꢳ꣄ꢥꢶ,sourashtra,,,'ꢒꢫꢫꢥꢡꢳꢥ':1 'kayyaantelni':2 'kayyantelni':3 'kayyāntĕlni':4 'mixed':5 'vegetable':6 'preparation':7 'mix':8 'அவ':9 'யல':10,eating|food|nourishment,கய்லான்தெள்னி|kayyaan te'l'ni|kayyAn tELni|kayyān tĕl̤ni|kəjjɑːn̪ t̪eɭn̪ɪ,,"{""""script"""":""""sourashtra"""",""""category"""":""""noun"""",""""type"""":""""abstract""""}"
^,,a mixed vegetable preparation,english,,english,,eating|food|nourishment,,noun,
^,,அவியல்,tamil,,tamil,'அவயல':1 'mixed':2 'vegetable':3 'preparation':4 'mix':5 'அவ':6 'யல':7,eating|food|nourishment,கய்லான்தெள்னி,noun,
-,ꢂ,ꢂꢲꢵꢬ꣄,sourashtra,,,'ꢂꢲꢬ':1 'ahaar':2 'ahar':3 'ahār':4 'food':5 'ஆக':6 'ரம':7,eating|food|nourishment,अहार्|அஹார்|ahaar|ahAr|ahār|əɦɑːɾ,,"{""""script"""":""""sourashtra"""",""""category"""":""""noun"""",""""type"""":""""abstract""""}"
^,,food,english,,english,,eating|food|nourishment,,noun,
^,,ஆகாரம்,tamil,,tamil,'ஆகரம':1 'food':2 'ஆக':3 'ரம':4,eating|food|nourishment,அஹார்,noun,
-,ꢂ,ꢂꢦ꣄ꢦꢪ꣄,sourashtra,,,'ꢂꢦꢦꢪ':1 'appam':2 'dosa':3 'like':4 'preparation':5 'made':6 'out':7 'rice':8 'flour':9 'make':10 'ஆப':11 'பம':12,eating|food|nourishment,अप्पम्|அப்பம்|appam|appam|appam|əppəm,,"{""""script"""":""""sourashtra"""",""""category"""":""""noun"""",""""type"""":""""abstract""""}"
^,,a dosa like preparation made out of rice flour,english,,english,,eating|food|nourishment,,noun,
^,,ஆப்பம்,tamil,,tamil,'ஆபபம':1 'dosa':2 'like':3 'preparation':4 'made':5 'out':6 'rice':7 'flour':8 'make':9 'ஆப':10 'பம':11,eating|food|nourishment,அப்பம்,noun,
-,ꢩ,ꢩꢭꢵꢬ꣄,sourashtra,,,'ꢩꢭꢬ':1 'bhalaar':2 'bhalar':3 'bhalār':4 'idly':5 'இட':6,eating|food|nourishment,फ्लार्|ப2லார்|bhalaar|bhalAr|bhalār|bʰəlɑːɾ,,"{""""script"""":""""sourashtra"""",""""category"""":""""noun"""",""""type"""":""""abstract""""}"
^,,idly,english,,english,,eating|food|nourishment,,noun,
^,,இட்டிலி,tamil,,tamil,'இடடல':1 'idly':2 'இட':3,eating|food|nourishment,ப2லார்,noun,
-,ꢮ,ꢮꢶꢳ꣄꣄ꢜꢶꢫꣁ,sourashtra,,,'ꢮꢳꢜꢫ':1 'viltiyo':2 'vilṭiyŏ':3 'idly':4 'இட':5,eating|food|nourishment,विळ्टिया॑|விள்டொ|vil't'iyo'|viLTiyO|vil̤ṭiyŏ|ʋɪɭʈɪjo,,"{""""script"""":""""sourashtra"""",""""category"""":""""noun"""",""""type"""":""""abstract""""}"
^,,idly,english,,english,,eating|food|nourishment,,noun,
^,,இட்டிலி,tamil,,tamil,'இடடல':1 'idly':2 'இட':3,eating|food|nourishment,விள்டொ,noun,
-,ꢆ,ꢆꢒ꣄ꢒꢸꢜꢸꢪ꣄,sourashtra,,,'ꢆꢒꢒꢜꢪ':1 'ukkutum':2 'ukkuṭum':3 'idly':4 'இட':5,eating|food|nourishment,उक्कुटुम्|விள்டியொ|ukkut'um|ukkuTum|ukkuṭum|ukkuʈum,,"{""""script"""":""""sourashtra"""",""""category"""":""""noun"""",""""type"""":""""abstract""""}"
^,,idly,english,,english,,eating|food|nourishment,,noun,
^,,இட்டிலி,tamil,,tamil,'இடடல':1 'idly':2 'இட':3,eating|food|nourishment,விள்டியொ,noun,
-,ꢆ,ꢆꢒ꣄ꢒꢸꢜꢸꢪ꣄,sourashtra,,,'ꢆꢒꢒꢜꢪ':1 'ukkutum':2 'ukkuṭum':3 'idly':4 'இட':5,eating|food|nourishment,उक्कुटुम्|உக்குடு3ம்|ukkut'um|ukkuTum|ukkuṭum|ukkuʈum,,"{""""script"""":""""sourashtra"""",""""category"""":""""noun"""",""""type"""":""""abstract""""}"
^,,idly,english,,english,,eating|food|nourishment,,noun,
^,,இட்டிலி,tamil,,tamil,'இடடல':1 'idly':2 'இட':3,eating|food|nourishment,உக்குடு3ம்,noun,
-,ꢄ,ꢄꢜꢶꢫꢵꢦ꣄ꢦꢪ꣄,sourashtra,,,'ꢄꢜꢫꢦꢦꢪ':1 'itiyaappam':2 'itiyappam':3 'iṭiyāppam':4 'noodles':5 'made':6 'out':7 'rice':8 'flour':9 'noodle':10 'make':11 'இட':12 'பம':13,eating|food|nourishment,इटियाप्पम्|இடியாப்பம்|it'iyaappam|iTiyAppam|iṭiyāppam|ɪʈɪjɑːppəm,,"{""""script"""":""""sourashtra"""",""""category"""":""""noun"""",""""type"""":""""abstract""""}"
^,,noodles made out of rice flour,english,,english,,eating|food|nourishment,,noun,
^,,இடியாப்பம்,tamil,,tamil,'இடயபபம':1 'noodles':2 'made':3 'out':4 'rice':5 'flour':6 'noodle':7 'make':8 'இட':9 'பம':10,eating|food|nourishment,இடியாப்பம்,noun,
-,ꢕ,ꢕꢜꢮ꣄ꢥꢭ꣄,sourashtra,,,'ꢕꢜꢮꢥꢭ':1 'ghatavnal':2 'ghaṭavnal':3 'tender':4 'coconut':5 'ளந':6 'பச':7 'இளந':8,eating|food|nourishment,घटव्नल्|க2வ்னல்|ghat'avnal|ghaTavnal|ghaṭavnal|gʰəʈəʋn̪əl,,"{""""script"""":""""sourashtra"""",""""category"""":""""noun"""",""""type"""":""""abstract""""}"
^,,tender coconut,english,,english,,eating|food|nourishment,,noun,
^,,"செவ்விளநீர், பச்சை இளநீர்",tamil,,tamil,'சவவளநரபசசஇளநர':1 'tender':2 'coconut':3 'ளந':4 'பச':5 'இளந':6,eating|food|nourishment,க2வ்னல்,noun,
-,ꢱ,ꢱꢮ꣄ꢥꢭ꣄,sourashtra,,,'ꢱꢮꢥꢭ':1 'savnal':2 'tender':3 'coconut':4 'ளந':5 'பச':6 'இளந':7,eating|food|nourishment,सव्नल्|ஸவ்னல்|savnal|savnal|savnal|s̪əʋn̪əl,,"{""""script"""":""""sourashtra"""",""""category"""":""""noun"""",""""type"""":""""abstract""""}"
^,,tender coconut,english,,english,,eating|food|nourishment,,noun,
^,,"செவ்விளநீர், பச்சை இளநீர்",tamil,,tamil,'சவவளநரபசசஇளநர':1 'tender':2 'coconut':3 'ளந':4 'பச':5 'இளந':6,eating|food|nourishment,ஸவ்னல்,noun,
-,ꢗ,ꢗꣀꢥꣁ,sourashtra,,,'ꢗꢥ':1 'chaino':2 'caino':3 'cainŏ':4 'meat':5 'இற':6 'சம':7,eating|food|nourishment,चैना॑|சைனொ|chaino'|cainO|cainŏ|t͡ʃəɪn̪o,,"{""""script"""":""""sourashtra"""",""""category"""":""""noun"""",""""type"""":""""abstract""""}"
^,,meat,english,,english,,eating|food|nourishment,,noun,
^,,"இறைச்சி, மாமிசம்",tamil,,tamil,'இறசசமமசம':1 'meat':2 'இற':3 'சம':4,eating|food|nourishment,சைனொ,noun,
-,ꢨ,ꢨꣁꢱꢸꢭꣁ,sourashtra,,,'ꢨꢱꢭ':1 'bosulo':2 'bŏsulŏ':3 'meat':4 'இற':5 'சம':6,eating|food|nourishment,बा॑सुला॑|பொ3ஸுலொ|bo'sulo'|bOsulO|bŏsulŏ|bos̪ulo,,"{""""script"""":""""sourashtra"""",""""category"""":""""noun"""",""""type"""":""""abstract""""}"
^,,meat,english,,english,,eating|food|nourishment,,noun,
^,,"இறைச்சி, மாமிசம்",tamil,,tamil,'இறசசமமசம':1 'meat':2 'இற':3 'சம':4,eating|food|nourishment,பொ3ஸுலொ,noun,
-,ꢪ,ꢪꢵꢪ꣄ꢱꢸ,sourashtra,,,'ꢪꢪꢱ':1 'maamsu':2 'mamsu':3 'māmsu':4 'meat':5 'இற':6 'சம':7,eating|food|nourishment,माम्सु|மாம்ஸு|maamsu|mAmsu|māmsu|mɑːms̪u,,"{""""script"""":""""sourashtra"""",""""category"""":""""noun"""",""""type"""":""""abstract""""}"
^,,meat,english,,english,,eating|food|nourishment,,noun,
^,,"இறைச்சி, மாமிசம்",tamil,,tamil,'இறசசமமசம':1 'meat':2 'இற':3 'சம':4,eating|food|nourishment,மாம்ஸு,noun,
-,ꢓ,ꢓꣁꢮ꣄ꢱ꣄,sourashtra,,,'ꢓꢮꢱ':1 'khovs':2 'khŏvs':3 'meat':4 'இற':5 'சம':6,eating|food|nourishment,खा॑व्स|கொ2வ்ஸ்|kho'vs|khOvs|khŏvs|kʰoʋs̪,,"{""""script"""":""""sourashtra"""",""""category"""":""""noun"""",""""type"""":""""abstract""""}"
^,,meat,english,,english,,eating|food|nourishment,,noun,
^,,"இறைச்சி, மாமிசம்",tamil,,tamil,'இறசசமமசம':1 'meat':2 'இற':3 'சம':4,eating|food|nourishment,கொ2வ்ஸ்,noun,
-,ꢓ,ꢓꢥꢶ,sourashtra,,,'ꢓꢥ':1 'khani':2 'food':3 'உணவ':4,eating|food|nourishment,खनि|க2னி|khani|khani|khani|kʰən̪ɪ,,"{""""script"""":""""sourashtra"""",""""category"""":""""noun"""",""""type"""":""""abstract""""}"
^,,food,english,,english,,eating|food|nourishment,,noun,
^,,உணவு,tamil,,tamil,'உணவ':1 'food':2,eating|food|nourishment,க2னி,noun,
-,ꢓ,ꢓꢮ꣄ꢥꢪ꣄,sourashtra,,,'ꢓꢮꢥꢪ':1 'khavnam':2 'food':3 'உணவ':4,eating|food|nourishment,खव्नम|க2வ்னம்|khavnam|khavnam|khavnam|kʰəʋn̪əm,,"{""""script"""":""""sourashtra"""",""""category"""":""""noun"""",""""type"""":""""abstract""""}"
^,,food,english,,english,,eating|food|nourishment,,noun,
^,,உணவு,tamil,,tamil,'உணவ':1 'food':2,eating|food|nourishment,க2வ்னம்,noun,
-,ꢆ,ꢆꢦ꣄ꢪꢵꢮ꣄,sourashtra,,,'ꢆꢦꢪꢮ':1 'upmaav':2 'upmav':3 'upmāv':4 'upma':5 'உப':6,eating|food|nourishment,उप्माव्|உப்மாவ்|upmaav|upmAv|upmāv|upmɑːʋ,,"{""""script"""":""""sourashtra"""",""""category"""":""""noun"""",""""type"""":""""abstract""""}"
^,,upma,english,,english,,eating|food|nourishment,,noun,
^,,உப்புமா,tamil,,tamil,'உபபம':1 'upma':2 'உப':3,eating|food|nourishment,உப்மாவ்,noun,
-,ꢒ,ꢒꢗ꣄ꢗꢪ꣄ꢩꢵ ꢂꢪ꣄ꢨꢜ꣄,sourashtra,,,'ꢒꢗꢗꢪꢩꢂꢪꢨꢜ':1 'kachchambhaaambat':2 'kaccambhaambat':3 'kaccambhāambaṭ':4 'kind':5 'mango':6 'curry':7 'உப':8,eating|food|nourishment,कच्चम्बा अम्बट्|கச்சம்பா3 அம்ப3ட்|kachchambhaa ambat'|kaccambhA ambaT|kaccambhā ambaṭ|kət͡ʃt͡ʃəmbʰɑː əmbəʈ,,"{""""script"""":""""sourashtra"""",""""category"""":""""noun"""",""""type"""":""""abstract""""}"
^,,A kind of mango curry,english,,english,,eating|food|nourishment,,noun,
^,,உப்பிலோடு,tamil,,tamil,'உபபலட':1 'kind':2 'mango':3 'curry':4 'உப':5,eating|food|nourishment,கச்சம்பா3 அம்ப3ட்,noun,
-,ꢨ,ꢨꢶꢙ꣄ꢙꢜ꣄,sourashtra,,,'ꢨꢙꢙꢜ':1 'bijjat':2 'bijjaṭ':3 'pickle':4 'ஊற':5,eating|food|nourishment,बिज्जट्|பி3ஜ்ஜட்|bijjat'|bijjaT|bijjaṭ|bɪd͡ʒd͡ʒəʈ,,"{""""script"""":""""sourashtra"""",""""category"""":""""noun"""",""""type"""":""""abstract""""}"
^,,pickle,english,,english,,eating|food|nourishment,,noun,
^,,ஊறுகாய்,tamil,,tamil,'ஊறகய':1 'pickle':2 'ஊற':3,eating|food|nourishment,பி3ஜ்ஜட்,noun,
-,ꢭ,ꢭꣁꢰ꣄ꢜꣁ,sourashtra,,,'ꢭꢰꢜ':1 'loshto':2 'losto':3 'lŏṣṭŏ':4 'pickle':5 'ஊற':6,eating|food|nourishment,ला॑ष्टा॑|லொஷ்டொ|lo'sht'o'|lOSTO|lŏṣṭŏ|loʂʈo,,"{""""script"""":""""sourashtra"""",""""category"""":""""noun"""",""""type"""":""""abstract""""}"
^,,pickle,english,,english,,eating|food|nourishment,,noun,
^,,ஊறுகாய்,tamil,,tamil,'ஊறகய':1 'pickle':2 'ஊற':3,eating|food|nourishment,லொஷ்டொ,noun,
-,ꢡ,ꢡꢷꢭꢸ ꢆꢠ꣄ꢜꣁ,sourashtra,,,'ꢡꢭꢆꢠꢜ':1 'teeluunto':2 'tiluunto':3 'tīluuṇṭŏ':4 'sweet':5 'made':6 'till':7 'make':8 'எள':9,eating|food|nourishment,तीलु उण्टा॑|தீளு உண்டொ|teelu unt'o'|tIlu uNTO|tīlu uṇṭŏ|t̪iːlu uɳʈo,,"{""""script"""":""""sourashtra"""",""""category"""":""""noun"""",""""type"""":""""abstract""""}"
^,,a sweet made of till,english,,english,,eating|food|nourishment,,noun,
^,,எள்ளுருண்டை,tamil,,tamil,'எளளரணட':1 'sweet':2 'made':3 'till':4 'make':5 'எள':6,eating|food|nourishment,தீளு உண்டொ,noun,
-,ꢒ,ꢒꢾꢥ꣄ꢥꢶꢦꢾꢱ꣄,sourashtra,,,'ꢒꢥꢥꢦꢱ':1 'kennipes':2 'kĕnnipĕs':3 'rice':4 'gruel':5 'கஞ':6,eating|food|nourishment,क॑न्निपेस|கென்னிபேஸ்|ke'nnipe's|kEnnipEs|kĕnnipĕs|ken̪n̪ɪpes̪,,"{""""script"""":""""sourashtra"""",""""category"""":""""noun"""",""""type"""":""""abstract""""}"
^,,rice gruel,english,,english,,eating|food|nourishment,,noun,
^,,கஞ்சி,tamil,,tamil,'கஞச':1 'rice':2 'gruel':3 'கஞ':4,eating|food|nourishment,கென்னிபேஸ்,noun,
-,ꢔ,ꢔꣁꢨ꣄ꢨꢸꢬꢾꢱ꣄ꢱꢸ,sourashtra,,,'ꢔꢨꢨꢬꢱꢱ':1 'gobburessu':2 'gŏbburĕssu':3 'sugarcane':4 'juice':5 'கர':6,eating|food|nourishment,गा॑ब्बु र॑स्सु|கொ3ப்3பு3 ரெஸ்ஸு|go'bbure'ssu|gObburEssu|gŏbburĕssu|gobbuɾes̪s̪u,,"{""""script"""":""""sourashtra"""",""""category"""":""""noun"""",""""type"""":""""abstract""""}"
^,,sugarcane juice,english,,english,,eating|food|nourishment,,noun,
^,,கரும்புச்சாறு,tamil,,tamil,'கரமபசசற':1 'sugarcane':2 'juice':3 'கர':4,eating|food|nourishment,கொ3ப்3பு3 ரெஸ்ஸு,noun,
-,ꢒ,ꢒꣁꢞ꣄ꢞꢶ,sourashtra,,,'ꢒꢞꢞ':1 'koddi':2 'kŏḍḍi':3 'dry':4 'fish':5 'கர':6,eating|food|nourishment,का॑ड्डि|கொட்3டி3|ko'd'd'i|kODDi|kŏḍḍi|koɖɖɪ,,"{""""script"""":""""sourashtra"""",""""category"""":""""noun"""",""""type"""":""""abstract""""}"
^,,dry fish,english,,english,,eating|food|nourishment,,noun,
^,,கருவாடு,tamil,,tamil,'கரவட':1 'dry':2 'fish':3 'கர':4,eating|food|nourishment,கொட்3டி3,noun,
-,ꢒ,ꢒꢾꢳ꣄ꢳꢸ,sourashtra,,,'ꢒꢳꢳ':1 'kellu':2 'kĕllu':3 'toddy':4 'கள':5,eating|food|nourishment,क॑ळ्ळु|கௌ்ளு|ke'l'l'u|kELLu|kĕl̤l̤u|keɭɭu,,"{""""script"""":""""sourashtra"""",""""category"""":""""noun"""",""""type"""":""""abstract""""}"
^,,toddy,english,,english,,eating|food|nourishment,,noun,
^,,கள்,tamil,,tamil,'கள':1 'toddy':2,eating|food|nourishment,கௌ்ளு,noun,
-,ꢱ,ꢱꢸꢔꢸꢞ꣄,sourashtra,,,'ꢱꢔꢞ':1 'sugud':2 'suguḍ':3 'semi':4 'solid':5 'preparation':6 'with':7 'rice':8 'ragi':9 'flour':10 'கள':11,eating|food|nourishment,सुगुड्|ஸுகு3ட்3|sugud'|suguD|suguḍ|s̪uguɖ,,"{""""script"""":""""sourashtra"""",""""category"""":""""noun"""",""""type"""":""""abstract""""}"
^,,semi-solid preparation with rice or ragi flour,english,,english,,eating|food|nourishment,,noun,
^,,களி,tamil,,tamil,'கள':1 'semi':2 'solid':3 'preparation':4 'with':5 'rice':6 'ragi':7 'flour':8,eating|food|nourishment,ஸுகு3ட்3,noun,
-,ꢗ,ꢗꣀꢭꢡ꣄ꢡꢾ,sourashtra,,,'ꢗꢭꢡꢡ':1 'chailatte':2 'cailatte':3 'cailattĕ':4 'side':5 'dish':6 'curry':7 'சனம':8,eating|food|nourishment,चैलत्त॑|சைலத்தெ|chailatte'|cailattE|cailattĕ|t͡ʃəɪlət̪t̪e,,"{""""script"""":""""sourashtra"""",""""category"""":""""noun"""",""""type"""":""""abstract""""}"
^,,"side dish, curry",english,,english,,eating|food|nourishment,,noun,
^,,வெஞ்சனம்,tamil,,tamil,'வஞசனம':1 'side':2 'dish':3 'curry':4 'சனம':5,eating|food|nourishment,சைலத்தெ,noun,
-,ꢗ,ꢗꢥꣁ,sourashtra,,,'ꢗꢥ':1 'chano':2 'cano':3 'canŏ':4 'flesh':5 'meat':6 'கற':7,eating|food|nourishment,चैना॑|சைனொ|chano'|canO|canŏ|t͡ʃən̪o,,"{""""script"""":""""sourashtra"""",""""category"""":""""noun"""",""""type"""":""""abstract""""}"
^,,flesh or meat,english,,english,,eating|food|nourishment,,noun,
^,,கறி,tamil,,tamil,'கற':1 'flesh':2 'meat':3,eating|food|nourishment,சைனொ,noun,
-,ꢨ,ꢨꢾꢠ꣄ꢞꢸꢗꢥꣁ,sourashtra,,,'ꢨꢠꢞꢗꢥ':1 'benduchano':2 'benducano':3 'bĕṇḍucanŏ':4 'mutton':5 'ஆட':6 'கற':7,eating|food|nourishment,ब॑ण्डुचैना॑|பெ3ண்டு3சைனொ|be'nd'uchano'|bENDucanO|bĕṇḍucanŏ|beɳɖut͡ʃən̪o,,"{""""script"""":""""sourashtra"""",""""category"""":""""noun"""",""""type"""":""""abstract""""}"
^,,mutton,english,,english,,eating|food|nourishment,,noun,
^,,ஆட்டுக் கறி,tamil,,tamil,'ஆடடககற':1 'mutton':2 'ஆட':3 'கற':4,eating|food|nourishment,பெ3ண்டு3சைனொ,noun,
-,ꢨ,ꢨꣁꢱꢸꢭꣁ,sourashtra,,,'ꢨꢱꢭ':1 'bosulo':2 'bŏsulŏ':3 'mutton':4 'ஆட':5 'கற':6,eating|food|nourishment,बा॑सुला॑|பொ3ஸுலொ|bo'sulo'|bOsulO|bŏsulŏ|bos̪ulo,,"{""""script"""":""""sourashtra"""",""""category"""":""""noun"""",""""type"""":""""abstract""""}"
^,,mutton,english,,english,,eating|food|nourishment,,noun,
^,,ஆட்டுக் கறி,tamil,,tamil,'ஆடடககற':1 'mutton':2 'ஆட':3 'கற':4,eating|food|nourishment,பொ3ஸுலொ,noun,
-,ꢒ,ꢒꢸꢞꢶꢗꢥꣁ,sourashtra,,,'ꢒꢞꢗꢥ':1 'kudichano':2 'kudicano':3 'kuḍicanŏ':4 'chicken':5 'கற':6,eating|food|nourishment,कुडिचैना॑|குடி3 சைனொ|kud'ichano'|kuDicanO|kuḍicanŏ|kuɖɪt͡ʃən̪o,,"{""""script"""":""""sourashtra"""",""""category"""":""""noun"""",""""type"""":""""abstract""""}"
^,,chicken,english,,english,,eating|food|nourishment,,noun,
^,,கோழிக் கறி,tamil,,tamil,'கழககற':1 'chicken':2 'கற':3,eating|food|nourishment,குடி3 சைனொ,noun,
-,ꢣ,ꢣꢸꢒ꣄ꢒꢬꢸꢗꢥꣁ,sourashtra,,,'ꢣꢒꢒꢬꢗꢥ':1 'dukkaruchano':2 'dukkarucano':3 'dukkarucanŏ':4 'pork':5 'பன':6 'கற':7,eating|food|nourishment,दुक्करुचैना॑|து3க்கரு சைனொ|dukkaruchano'|dukkarucanO|dukkarucanŏ|d̪ukkəɾut͡ʃən̪o,,"{""""script"""":""""sourashtra"""",""""category"""":""""noun"""",""""type"""":""""abstract""""}"
^,,pork,english,,english,,eating|food|nourishment,,noun,
^,,பன்றிக் கறி,tamil,,tamil,'பனறககற':1 'pork':2 'பன':3 'கற':4,eating|food|nourishment,து3க்கரு சைனொ,noun,
-,ꢒ,ꢒꣁꢬꢸꢗꣀꢥꣁ,sourashtra,,,'ꢒꢬꢗꢥ':1 'koruchaino':2 'korucaino':3 'kŏrucainŏ':4 'beef':5 'கற':6,eating|food|nourishment,गा॑रुचैना॑|கொ3ரு சைனொ|ko'ruchaino'|kOrucainO|kŏrucainŏ|koɾut͡ʃəɪn̪o,,"{""""script"""":""""sourashtra"""",""""category"""":""""noun"""",""""type"""":""""abstract""""}"
^,,beef,english,,english,,eating|food|nourishment,,noun,
^,,மாட்டுக் கறி,tamil,,tamil,'மடடககற':1 'beef':2 'கற':3,eating|food|nourishment,கொ3ரு சைனொ,noun,
-,ꢂ,ꢂꢪ꣄ꢜꢶ,sourashtra,,,'ꢂꢪꢜ':1 'amti':2 'amṭi':3 'curry':4 'with':5 'thick':6 'gravy':7 'ழம':8,eating|food|nourishment,अम्टि|அம்டி|amt'i|amTi|amṭi|əmʈɪ,,"{""""script"""":""""sourashtra"""",""""category"""":""""noun"""",""""type"""":""""abstract""""}"
^,,a curry with thick gravy,english,,english,,eating|food|nourishment,,noun,
^,,குழம்பு,tamil,,tamil,'கழமப':1 'curry':2 'with':3 'thick':4 'gravy':5 'ழம':6,eating|food|nourishment,அம்டி,noun,
-,ꢔ,ꢔꣁꢙ꣄ꢙꢸ,sourashtra,,,'ꢔꢙꢙ':1 'gojju':2 'gŏjju':3 'curry':4 'with':5 'thick':6 'gravy':7 'ழம':8,eating|food|nourishment,गा॑ज्जु|கொ3ஜ்ஜு|go'jju|gOjju|gŏjju|god͡ʒd͡ʒu,,"{""""script"""":""""sourashtra"""",""""category"""":""""noun"""",""""type"""":""""abstract""""}"
^,,a curry with thick gravy,english,,english,,eating|food|nourishment,,noun,
^,,குழம்பு,tamil,,tamil,'கழமப':1 'curry':2 'with':3 'thick':4 'gravy':5 'ழம':6,eating|food|nourishment,கொ3ஜ்ஜு,noun,
-,ꢒ,ꢒꢸꢜ꣄ꢒꢶꢬꢶ,sourashtra,,,'ꢒꢜꢒꢬ':1 'kutkiri':2 'kuṭkiri':3 'kind':4 'side':5 'dish':6,eating|food|nourishment,कुट्किरि|குட்கிரி|kut'kiri|kuTkiri|kuṭkiri|kuʈkɪɾɪ,,"{""""script"""":""""sourashtra"""",""""category"""":""""noun"""",""""type"""":""""abstract""""}"
^,,a kind of side dish,english,,english,,eating|food|nourishment,,noun,
^,,கூட்டு,tamil,,tamil,'கடட':1 'kind':2 'side':3 'dish':4,eating|food|nourishment,குட்கிரி,noun,
-,ꢂ,ꢂꢪ꣄ꢨꢜ꣄,sourashtra,,,'ꢂꢪꢨꢜ':1 'ambat':2 'ambaṭ':3 'kind':4 'side':5 'dish':6,eating|food|nourishment,अम्बट|அம்ப3ட்|ambat'|ambaT|ambaṭ|əmbəʈ,,"{""""script"""":""""sourashtra"""",""""category"""":""""noun"""",""""type"""":""""abstract""""}"
^,,a kind of side dish,english,,english,,eating|food|nourishment,,noun,
^,,கூட்டு,tamil,,tamil,'கடட':1 'kind':2 'side':3 'dish':4,eating|food|nourishment,அம்ப3ட்,noun,
-,ꢂ,ꢂꢪ꣄ꢨꢶꢭ꣄,sourashtra,,,'ꢂꢪꢨꢭ':1 'ambil':2 'watery':3 'preparation':4 'with':5 'rice':6 'ragi':7 'flour':8,eating|food|nourishment,अम्बिल्|அம்பி3ல்|ambil|ambil|ambil|əmbɪl,,"{""""script"""":""""sourashtra"""",""""category"""":""""noun"""",""""type"""":""""abstract""""}"
^,,a watery preparation with rice or ragi flour,english,,english,,eating|food|nourishment,,noun,
^,,கூழ்,tamil,,tamil,'கழ':1 'watery':2 'preparation':3 'with':4 'rice':5 'ragi':6 'flour':7,eating|food|nourishment,அம்பி3ல்,noun,
-,ꢒ,ꢒꢿꢱꢬꢶ,sourashtra,,,'ꢒꢱꢬ':1 'kesari':2 'sweet':3 'prepared':4 'with':5 'suji':6 'prepare':7 'சர':8,eating|food|nourishment,केसरि|கேஸரி|kesari|kesari|kesari|keːs̪əɾɪ,,"{""""script"""":""""sourashtra"""",""""category"""":""""noun"""",""""type"""":""""abstract""""}"
^,,a sweet prepared with suji,english,,english,,eating|food|nourishment,,noun,
^,,கேசரி,tamil,,tamil,'கசர':1 'sweet':2 'prepared':3 'with':4 'suji':5 'prepare':6 'சர':7,eating|food|nourishment,கேஸரி,noun,
-,ꢒ,ꢒꢥ꣄ꢣꢸꢭꣁ,sourashtra,,,'ꢒꢥꢣꢭ':1 'kandulo':2 'kandulŏ':3 'eatable':4 'with':5 'rice':6 'and':7 'coconut':8 'கட':9,eating|food|nourishment,कन्दुला॑|கந்து3லொ|kandulo'|kandulO|kandulŏ|kən̪d̪ulo,,"{""""script"""":""""sourashtra"""",""""category"""":""""noun"""",""""type"""":""""abstract""""}"
^,,an eatable with rice and coconut,english,,english,,eating|food|nourishment,,noun,
^,,கொழுக்கட்டை,tamil,,tamil,'கழககடட':1 'eatable':2 'with':3 'rice':4 'and':5 'coconut':6 'கட':7,eating|food|nourishment,கந்து3லொ,noun,
-,ꢪ,ꢪꢥ꣄ꢣꣁ,sourashtra,,,'ꢪꢥꢣ':1 'mando':2 'mandŏ':3 'fat':4,eating|food|nourishment,मन्दा॑|மந்தொ3|mando'|mandO|mandŏ|mən̪d̪o,,"{""""script"""":""""sourashtra"""",""""category"""":""""noun"""",""""type"""":""""abstract""""}"
^,,fat,english,,english,,eating|food|nourishment,,noun,
^,,கொழுப்பு,tamil,,tamil,'கழபப':1 'fat':2,eating|food|nourishment,மந்தொ3,noun,
-,ꢗ,ꢗꢜ꣄ꢥꢶ,sourashtra,,,'ꢗꢜꢥ':1 'chatni':2 'catni':3 'caṭni':4 'chutney':5 'சட':6,eating|food|nourishment,चट्नि|சட்னி|chat'ni|caTni|caṭni|t͡ʃəʈn̪ɪ,,"{""""script"""":""""sourashtra"""",""""category"""":""""noun"""",""""type"""":""""abstract""""}"
^,,chutney,english,,english,,eating|food|nourishment,,noun,
^,,சட்டினி,tamil,,tamil,'சடடன':1 'chutney':2 'சட':3,eating|food|nourishment,சட்னி,noun,
-,ꢡ,ꢡꢒ꣄ꢒꢵꢳꢶ ꢗꢜ꣄ꢥꢶ,sourashtra,,,'ꢡꢒꢒꢳꢗꢜꢥ':1 'takkaalichatni':2 'takkalicatni':3 'takkālicaṭni':4 'tomato':5 'chutney':6 'தக':7 'சட':8,eating|food|nourishment,तक्कालि चट्नि|தக்காளி சட்னி|takkaal'i chat'ni|takkALi caTni|takkāl̤i caṭni|t̪əkkɑːɭɪ t͡ʃəʈn̪ɪ,,"{""""script"""":""""sourashtra"""",""""category"""":""""noun"""",""""type"""":""""abstract""""}"
^,,tomato chutney,english,,english,,eating|food|nourishment,,noun,
^,,தக்காளிச் சட்டினி,tamil,,tamil,'தககளசசடடன':1 'tomato':2 'chutney':3 'தக':4 'சட':5,eating|food|nourishment,தக்காளி சட்னி,noun,
-,ꢥ,ꢥꢬꢳ꣄꣄ ꢗꢜ꣄ꢥꢶ,sourashtra,,,'ꢥꢬꢳꢗꢜꢥ':1 'naralchatni':2 'naralcatni':3 'naralcaṭni':4 'coconut':5 'chutney':6 'சட':7,eating|food|nourishment,नरळ् चट्नि|நரள்சட்னி|naral' chat'ni|naraL caTni|naral̤ caṭni|n̪əɾəɭ t͡ʃəʈn̪ɪ,,"{""""script"""":""""sourashtra"""",""""category"""":""""noun"""",""""type"""":""""abstract""""}"
^,,coconut chutney,english,,english,,eating|food|nourishment,,noun,
^,,தேங்காய்ச் சட்டினி,tamil,,tamil,'தஙகயசசடடன':1 'coconut':2 'chutney':3 'சட':4,eating|food|nourishment,நரள்சட்னி,noun,
-,ꢦ,ꢦꢸꢡꢶꢥꢵ ꢗꢜ꣄ꢥꢶ,sourashtra,,,'ꢦꢡꢥꢗꢜꢥ':1 'putinaachatni':2 'putinacatni':3 'putinācaṭni':4 'mint':5 'chutney':6 'சட':7,eating|food|nourishment,पुतिनाचट्नि|புதினாசட்னி|putinaa chat'ni|putinA caTni|putinā caṭni|put̪ɪn̪ɑː t͡ʃəʈn̪ɪ,,"{""""script"""":""""sourashtra"""",""""category"""":""""noun"""",""""type"""":""""abstract""""}"
^,,mint chutney,english,,english,,eating|food|nourishment,,noun,
^,,புதினாச் சட்டினி,tamil,,tamil,'பதனசசடடன':1 'mint':2 'chutney':3 'சட':4,eating|food|nourishment,புதினாசட்னி,noun,
-,ꢪ,ꢪꢭ꣄ꢭꢶ ꢗꢜ꣄ꢥꢶ,sourashtra,,,'ꢪꢭꢭꢗꢜꢥ':1 'mallichatni':2 'mallicatni':3 'mallicaṭni':4 'coriander':5 'chutney':6 'மல':7 'சட':8,eating|food|nourishment,मल्लि चट्नि|மல்லிசட்னி|malli chat'ni|malli caTni|malli caṭni|məllɪ t͡ʃəʈn̪ɪ,,"{""""script"""":""""sourashtra"""",""""category"""":""""noun"""",""""type"""":""""abstract""""}"
^,,coriander chutney,english,,english,,eating|food|nourishment,,noun,
^,,மல்லிச் சட்டினி,tamil,,tamil,'மலலசசடடன':1 'coriander':2 'chutney':3 'மல':4 'சட':5,eating|food|nourishment,மல்லிசட்னி,noun,
-,ꢱ,ꢱꢸꢒ꣄ꢒꢜ꣄,sourashtra,,,'ꢱꢒꢒꢜ':1 'sukkat':2 'sukkaṭ':3 'dry':4 'mutton':5 'உப':6 'கண':7 'டம':8,eating|food|nourishment,सुक्कट्|ஸுக்கட்|sukkat'|sukkaT|sukkaṭ|s̪ukkəʈ,,"{""""script"""":""""sourashtra"""",""""category"""":""""noun"""",""""type"""":""""abstract""""}"
^,,dry mutton,english,,english,,eating|food|nourishment,,noun,
^,,உப்புக்கண்டம்,tamil,,tamil,'உபபககணடம':1 'dry':2 'mutton':3 'உப':4 'கண':5 'டம':6,eating|food|nourishment,ஸுக்கட்,noun,
-,ꢗ,ꢗꢦ꣄ꢦꢵꢡ꣄ꢡꢶ,sourashtra,,,'ꢗꢦꢦꢡꢡ':1 'chappaatti':2 'cappatti':3 'cappātti':4 'chapatti':5 'சப':6,eating|food|nourishment,चप्पात्ति|சப்பாத்தி|chappaatti|cappAtti|cappātti|t͡ʃəppɑːt̪t̪ɪ,,"{""""script"""":""""sourashtra"""",""""category"""":""""noun"""",""""type"""":""""abstract""""}"
^,,chapatti,english,,english,,eating|food|nourishment,,noun,
^,,சப்பாத்தி,tamil,,tamil,'சபபதத':1 'chapatti':2 'சப':3,eating|food|nourishment,சப்பாத்தி,noun,
-,ꢩ,ꢩꢵꢡ꣄,sourashtra,,,'ꢩꢡ':1 'bhaat':2 'bhat':3 'bhāt':4 'cooked':5 'rice':6 'cook':7 'தம':8,eating|food|nourishment,भात्|பா4த்|bhaat|bhAt|bhāt|bʰɑːt̪,,"{""""script"""":""""sourashtra"""",""""category"""":""""noun"""",""""type"""":""""abstract""""}"
^,,cooked rice,english,,english,,eating|food|nourishment,,noun,
^,,சாதம்,tamil,,tamil,'சதம':1 'cooked':2 'rice':3 'cook':4 'தம':5,eating|food|nourishment,பா4த்,noun,
-,ꢩ,ꢩꢵꢡ꣄,sourashtra,,,'ꢩꢡ':1 'bhaat':2 'bhat':3 'bhāt':4 'meals':5 'meal':6,eating|food|nourishment,भात्|பா4த்|bhaat|bhAt|bhāt|bʰɑːt̪,,"{""""script"""":""""sourashtra"""",""""category"""":""""noun"""",""""type"""":""""abstract""""}"
^,,meals,english,,english,,eating|food|nourishment,,noun,
^,,சாப்பாடு,tamil,,tamil,'சபபட':1 'meals':2 'meal':3,eating|food|nourishment,பா4த்,noun,
-,ꢂ,ꢂꢥ꣄ꢥꢸ,sourashtra,,,'ꢂꢥꢥ':1 'annu':2 'meals':3 'meal':4,eating|food|nourishment,अन्नु|அன்னு|annu|annu|annu|ən̪n̪u,,"{""""script"""":""""sourashtra"""",""""category"""":""""noun"""",""""type"""":""""abstract""""}"
^,,meals,english,,english,,eating|food|nourishment,,noun,
^,,சாப்பாடு,tamil,,tamil,'சபபட':1 'meals':2 'meal':3,eating|food|nourishment,அன்னு,noun,
-,ꢱ,ꢱꢪ꣄ꢨꢵꢬ꣄,sourashtra,,,'ꢱꢪꢨꢬ':1 'sambaar':2 'sambar':3 'sambār':4 'liquid':5 'curry':6 'with':7 'vegetables':8 'vegetable':9,eating|food|nourishment,सम्बार्|ஸம்பா3ர்|sambaar|sambAr|sambār|s̪əmbɑːɾ,,"{""""script"""":""""sourashtra"""",""""category"""":""""noun"""",""""type"""":""""abstract""""}"
^,,liquid curry with vegetables,english,,english,,eating|food|nourishment,,noun,
^,,சாம்பார்,tamil,,tamil,'சமபர':1 'liquid':2 'curry':3 'with':4 'vegetables':5 'vegetable':6,eating|food|nourishment,ஸம்பா3ர்,noun,
-,ꢱ,ꢱꢾꢬꣁ,sourashtra,,,'ꢱꢬ':1 'sero':2 'sĕrŏ':3 'arrack':4 'யம':5,eating|food|nourishment,स॑रा॑|ஸெரொ|se'ro'|sErO|sĕrŏ|s̪eɾo,,"{""""script"""":""""sourashtra"""",""""category"""":""""noun"""",""""type"""":""""abstract""""}"
^,,arrack,english,,english,,eating|food|nourishment,,noun,
^,,சாராயம்,tamil,,tamil,'சரயம':1 'arrack':2 'யம':3,eating|food|nourishment,ஸெரொ,noun,
-,ꢬ,ꢬꢾꢱ꣄ꢱꢸ,sourashtra,,,'ꢬꢱꢱ':1 'ressu':2 'rĕssu':3 'juice':4,eating|food|nourishment,र॑स्सु|ரெஸ்ஸு|re'ssu|rEssu|rĕssu|ɾes̪s̪u,,"{""""script"""":""""sourashtra"""",""""category"""":""""noun"""",""""type"""":""""abstract""""}"
^,,juice,english,,english,,eating|food|nourishment,,noun,
^,,சாறு,tamil,,tamil,'சற':1 'juice':2,eating|food|nourishment,ரெஸ்ஸு,noun,
-,ꢥ,ꢥꢴꢥ꣄ꢓꢥꢶ,sourashtra,,,'ꢥꢥꢓꢥ':1 'nhankhani':2 'tiffin':3,eating|food|nourishment,न्हन्खनि|ந:ன்க2னி|nhankhani|nhankhani|nhankhani|n̪ɦən̪kʰən̪ɪ,,"{""""script"""":""""sourashtra"""",""""category"""":""""noun"""",""""type"""":""""abstract""""}"
^,,Tiffin,english,,english,,eating|food|nourishment,,noun,
^,,சிற்றுண்டி,tamil,,tamil,'சறறணட':1 'tiffin':2,eating|food|nourishment,ந:ன்க2னி,noun,
-,ꢒ,ꢒꢗ꣄ꢗꢾꢥ꣄ꢥꣁ,sourashtra,,,'ꢒꢗꢗꢥꢥ':1 'kachchenno':2 'kaccenno':3 'kaccĕnnŏ':4 'eatable':5 'prepared':6 'normally':7 'with':8 'bengal':9 'gram':10 'peas':11 'prepare':12 'pea':13 'டல':14,eating|food|nourishment,कच॑न्ना॑|கச்சென்னொ|kachche'nno'|kaccEnnO|kaccĕnnŏ|kət͡ʃt͡ʃen̪n̪o,,"{""""script"""":""""sourashtra"""",""""category"""":""""noun"""",""""type"""":""""abstract""""}"
^,,"an eatable prepared normally with Bengal gram, peas",english,,english,,eating|food|nourishment,,noun,
^,,சுண்டல்,tamil,,tamil,'சணடல':1 'eatable':2 'prepared':3 'normally':4 'with':5 'bengal':6 'gram':7 'peas':8 'prepare':9 'pea':10 'டல':11,eating|food|nourishment,கச்சென்னொ,noun,
-,ꢱ,ꢱꢸꢒꢸꢠ꣄ꢜꣁ,sourashtra,,,'ꢱꢒꢠꢜ':1 'sukunto':2 'sukuṇṭŏ':3 'sweet':4 'யன':5 'யம':6,eating|food|nourishment,सुकुण्टा॑|ஸுகு3ண்டொ3|sukunt'o'|sukuNTO|sukuṇṭŏ|s̪ukuɳʈo,,"{""""script"""":""""sourashtra"""",""""category"""":""""noun"""",""""type"""":""""abstract""""}"
^,,a sweet,english,,english,,eating|food|nourishment,,noun,
^,,சுழியன்  /ஸீயம்,tamil,,tamil,'சழயனஸயம':1 'sweet':2 'யன':3 'யம':4,eating|food|nourishment,ஸுகு3ண்டொ3,noun,
-,ꢭ,ꢭꢶꢪ꣄ꢨꢸ ꢩꢵꢡ꣄,sourashtra,,,'ꢭꢪꢨꢩꢡ':1 'limbubhaat':2 'limbubhat':3 'limbubhāt':4 'lemon':5 'bath':6 'எல':7 'சம':8,eating|food|nourishment,लिम्बु भात्|லிம்பு3பா4த்|limbu bhaat|limbu bhAt|limbu bhāt|lɪmbu bʰɑːt̪,,"{""""script"""":""""sourashtra"""",""""category"""":""""noun"""",""""type"""":""""abstract""""}"
^,,lemon bath,english,,english,,eating|food|nourishment,,noun,
^,,எலுமிச்சம் சோறு,tamil,,tamil,'எலமசசமசற':1 'lemon':2 'bath':3 'எல':4 'சம':5,eating|food|nourishment,லிம்பு3பா4த்,noun,
-,ꢗ,ꢗꢾꢡ꣄ꢡꢶ ꢩꢵꢡ꣄,sourashtra,,,'ꢗꢡꢡꢩꢡ':1 'chettibhaat':2 'cettibhat':3 'cĕttibhāt':4 'parcel':5 'bath':6 'கட':7,eating|food|nourishment,चेत्ति भात्|செத்3தி3பா4த்|che'tti bhaat|cEtti bhAt|cĕtti bhāt|t͡ʃet̪t̪ɪ bʰɑːt̪,,"{""""script"""":""""sourashtra"""",""""category"""":""""noun"""",""""type"""":""""abstract""""}"
^,,parcel bath,english,,english,,eating|food|nourishment,,noun,
^,,கட்டுச் சோறு,tamil,,tamil,'கடடசசற':1 'parcel':2 'bath':3 'கட':4,eating|food|nourishment,செத்3தி3பா4த்,noun,
-,ꢦ,ꢦꣁꢥ꣄ꢥꢶꢥ꣄ ꢗꣁꢥ꣄ꢥꣁ ꢩꢵꢡ꣄,sourashtra,,,'ꢦꢥꢥꢥꢗꢥꢥꢩꢡ':1 'ponninchonnobhaat':2 'ponninconnobhat':3 'pŏnnincŏnnŏbhāt':4 'jowar':5 'bath':6,eating|food|nourishment,पोन्निन्चोन्नोभात्|ஜொ2ள்ளா பாத்|po'nnin cho'nno' bhaat|pOnnin cOnnO bhAt|pŏnnin cŏnnŏ bhāt|pon̪n̪ɪn̪ t͡ʃon̪n̪o bʰɑːt̪,,"{""""script"""":""""sourashtra"""",""""category"""":""""noun"""",""""type"""":""""abstract""""}"
^,,Jowar bath,english,,english,,eating|food|nourishment,,noun,
^,,சோள்ச் சோறு,tamil,,tamil,'சளசசற':1 'jowar':2 'bath':3,eating|food|nourishment,ஜொ2ள்ளா பாத்,noun,
-,ꢭ,ꢭꢶꢪ꣄ꢦꢸꢩꢵꢡ꣄,sourashtra,,,'ꢭꢪꢦꢩꢡ':1 'limpubhaat':2 'limpubhat':3 'limpubhāt':4 'lemon':5 'rice':6 'எல':7 'தம':8,eating|food|nourishment,लिम्पुभात्|லிம்புபா4த்|limpubhaat|limpubhAt|limpubhāt|lɪmpubʰɑːt̪,,"{""""script"""":""""sourashtra"""",""""category"""":""""noun"""",""""type"""":""""abstract""""}"
^,,lemon rice,english,,english,,eating|food|nourishment,,noun,
^,,எலுமிச்சைசாதம்,tamil,,tamil,'எலமசசசதம':1 'lemon':2 'rice':3 'எல':4 'தம':5,eating|food|nourishment,லிம்புபா4த்,noun,
-,ꢤ,ꢤꢶꢟꣁ,sourashtra,,,'ꢤꢟ':1 'dhidho':2 'dhiḍhŏ':3 'dosa':4,eating|food|nourishment,धिढो|தி4டொ3|dhid'ho'|dhiDhO|dhiḍhŏ|d̪ʰɪɖʰo,,"{""""script"""":""""sourashtra"""",""""category"""":""""noun"""",""""type"""":""""abstract""""}"
^,,dosa,english,,english,,eating|food|nourishment,,noun,
^,,தோசை,tamil,,tamil,'தச':1 'dosa':2,eating|food|nourishment,தி4டொ3,noun,
-,ꢚ,ꢚꣁꢳ꣄ꢳꢵ ꢩꢵꢡ꣄,sourashtra,,,'ꢚꢳꢳꢩꢡ':1 'jhollaabhaat':2 'jhollabhat':3 'jhŏllābhāt':4 'jowar':5 'bath':6 'ளச':7,eating|food|nourishment,झोळ्ळा भात्|ஜொ2ள்ளாபா4த்|jho'l'l'aa bhaat|jhOLLA bhAt|jhŏl̤l̤ā bhāt|d͡ʒʰoɭɭɑː bʰɑːt̪,,"{""""script"""":""""sourashtra"""",""""category"""":""""noun"""",""""type"""":""""abstract""""}"
^,,jowar bath,english,,english,,eating|food|nourishment,,noun,
^,,சோளச் சோறு,tamil,,tamil,'சளசசற':1 'jowar':2 'bath':3 'ளச':4,eating|food|nourishment,ஜொ2ள்ளாபா4த்,noun,
-,ꢤ,ꢤꢾꢄ~,sourashtra,,,'ꢤꢄ':1 'dhei':2 'dhĕi':3 'curd':4 'தய':5,eating|food|nourishment,ध॑इ~|தெ4இ~|dhe'i~|dhEi~|dhĕi~|d̪ʰeɪ~,,"{""""script"""":""""sourashtra"""",""""category"""":""""noun"""",""""type"""":""""abstract""""}"
^,,curd,english,,english,,eating|food|nourishment,,noun,
^,,தயிர்,tamil,,tamil,'தயர':1 'curd':2 'தய':3,eating|food|nourishment,தெ4இ~,noun,
-,ꢗ,ꢗꣁꢬꣁ,sourashtra,,,'ꢗꢬ':1 'choro':2 'coro':3 'cŏrŏ':4 'cattle':5 'feed':6 'fee':7,eating|food|nourishment,चा॑रा॑|சொரொ|cho'ro'|cOrO|cŏrŏ|t͡ʃoɾo,,"{""""script"""":""""sourashtra"""",""""category"""":""""noun"""",""""type"""":""""abstract""""}"
^,,cattle feed,english,,english,,eating|food|nourishment,,noun,
^,,தீனி,tamil,,tamil,'தன':1 'cattle':2 'feed':3 'fee':4,eating|food|nourishment,சொரொ,noun,
-,ꢭ,ꢭꣁꢱ꣄ꢜꣁ,sourashtra,,,'ꢭꢱꢜ':1 'losto':2 'lŏsṭŏ':3 'chutney':4 'யல':5,eating|food|nourishment,ला॑ष्टा॑|லொஷ்டொ|lo'st'o'|lOsTO|lŏsṭŏ|los̪ʈo,,"{""""script"""":""""sourashtra"""",""""category"""":""""noun"""",""""type"""":""""abstract""""}"
^,,chutney,english,,english,,eating|food|nourishment,,noun,
^,,துவையல்,tamil,,tamil,'தவயல':1 'chutney':2 'யல':3,eating|food|nourishment,லொஷ்டொ,noun,
-,ꢡ,ꢡꢷ꣄ꢳ꣄ ꢭꣁꢰ꣄ꢜꣁ,sourashtra,,,'ꢡꢳꢭꢰꢜ':1 'teelloshto':2 'tillosto':3 'tīllŏṣṭŏ':4 'till':5 'chutney':6 'எள':7 'யல':8,eating|food|nourishment,तीळ्ला॑ष्टा॑ तीळ्दाळ|தீள்லொஷ்டொ|teel' lo'sht'o'|tIL lOSTO|tīl̤ lŏṣṭŏ|t̪iːɭ loʂʈo,,"{""""script"""":""""sourashtra"""",""""category"""":""""noun"""",""""type"""":""""abstract""""}"
^,,till chutney,english,,english,,eating|food|nourishment,,noun,
^,,எள்ளுத் துவையல்,tamil,,tamil,'எளளததவயல':1 'till':2 'chutney':3 'எள':4 'யல':5,eating|food|nourishment,தீள்லொஷ்டொ,noun,
-,ꢡ,ꢡꢷꢳ ꣄꣄ꢣꢵꢳ꣄,sourashtra,,,'ꢡꢳꢣꢳ':1 'teeladaal':2 'tiladal':3 'tīladāl':4 'till':5 'chutney':6 'எள':7 'யல':8,eating|food|nourishment,तीळ्ला॑ष्टा॑ तीळ्दाळ|தீள்தா3ள்|teel'a daal'|tILa dAL|tīl̤a dāl̤|t̪iːɭə d̪ɑːɭ,,"{""""script"""":""""sourashtra"""",""""category"""":""""noun"""",""""type"""":""""abstract""""}"
^,,till chutney,english,,english,,eating|food|nourishment,,noun,
^,,எள்ளுத் துவையல்,tamil,,tamil,'எளளததவயல':1 'till':2 'chutney':3 'எள':4 'யல':5,eating|food|nourishment,தீள்தா3ள்,noun,
-,ꢒ,ꢒꢸꢳꢶꢶꢡ꣄ ꢣꢵꢳ꣄,sourashtra,,,'ꢒꢳꢡꢣꢳ':1 'kuliitdaal':2 'kuliitdal':3 'kuliitdāl':4 'horsegram':5 'chutney':6 'ணத':7 'யல':8,eating|food|nourishment,कुळित्दाळ|குளித்தா3ள்|kul'iit daal'|kuLiit dAL|kul̤iit dāl̤|kuɭɪɪt̪ d̪ɑːɭ,,"{""""script"""":""""sourashtra"""",""""category"""":""""noun"""",""""type"""":""""abstract""""}"
^,,horsegram chutney,english,,english,,eating|food|nourishment,,noun,
^,,காணத் துவையல்,tamil,,tamil,'கணததவயல':1 'horsegram':2 'chutney':3 'ணத':4 'யல':5,eating|food|nourishment,குளித்தா3ள்,noun,
-,ꢥ,ꢥꢬꢳ꣄꣄ ꢣꢵꢳ꣄,sourashtra,,,'ꢥꢬꢳꢣꢳ':1 'naraldaal':2 'naraldal':3 'naraldāl':4 'coconut':5 'chutney':6 'யல':7,eating|food|nourishment,नरळ्दाळ|நரள்தா3ள்|naral' daal'|naraL dAL|naral̤ dāl̤|n̪əɾəɭ d̪ɑːɭ,,"{""""script"""":""""sourashtra"""",""""category"""":""""noun"""",""""type"""":""""abstract""""}"
^,,coconut chutney,english,,english,,eating|food|nourishment,,noun,
^,,தேங்காய்த் துவையல்,tamil,,tamil,'தஙகயததவயல':1 'coconut':2 'chutney':3 'யல':4,eating|food|nourishment,நரள்தா3ள்,noun,
-,ꢨ,ꢨꢾꢳꢵꢣꢵꢳ꣄,sourashtra,,,'ꢨꢳꢣꢳ':1 'belaadaal':2 'beladal':3 'bĕlādāl':4 'bengal':5 'gram':6 'chutney':7 'பர':8 'யல':9,eating|food|nourishment,बेलादाळ|பெ3ளாதா3ள்|be'l'aadaal'|bELAdAL|bĕl̤ādāl̤|beɭɑːd̪ɑːɭ,,"{""""script"""":""""sourashtra"""",""""category"""":""""noun"""",""""type"""":""""abstract""""}"
^,,bengal gram chutney,english,,english,,eating|food|nourishment,,noun,
^,,பருப்புத் துவையல்,tamil,,tamil,'பரபபததவயல':1 'bengal':2 'gram':3 'chutney':4 'பர':5 'யல':6,eating|food|nourishment,பெ3ளாதா3ள்,noun,
-,ꢦ,ꢦꢸꢡꢶꢥꢵ ꢣꢵꢳ꣄,sourashtra,,,'ꢦꢡꢥꢣꢳ':1 'putinaadaal':2 'putinadal':3 'putinādāl':4 'potina':5 'chutney':6 'யல':7,eating|food|nourishment,पुतिनादाळ|புதினாதா3ள்|putinaa daal'|putinA dAL|putinā dāl̤|put̪ɪn̪ɑː d̪ɑːɭ,,"{""""script"""":""""sourashtra"""",""""category"""":""""noun"""",""""type"""":""""abstract""""}"
^,,potina chutney,english,,english,,eating|food|nourishment,,noun,
^,,புதினாத் துவையல்,tamil,,tamil,'பதனததவயல':1 'potina':2 'chutney':3 'யல':4,eating|food|nourishment,புதினாதா3ள்,noun,
-,ꢥ,ꢥꢬꢳ꣄꣄ ꢣꢹꢡ꣄,sourashtra,,,'ꢥꢬꢳꢣꢡ':1 'naraldoot':2 'naraldut':3 'naraldūt':4 'coconut':5 'milk':6,eating|food|nourishment,नरळ्दूत्|நரள்தூ3த்|naral' doot|naraL dUt|naral̤ dūt|n̪əɾəɭ d̪uːt̪,,"{""""script"""":""""sourashtra"""",""""category"""":""""noun"""",""""type"""":""""abstract""""}"
^,,coconut milk,english,,english,,eating|food|nourishment,,noun,
^,,தேங்காய்ப்பால்,tamil,,tamil,'தஙகயபபல':1 'coconut':2 'milk':3,eating|food|nourishment,நரள்தூ3த்,noun,
-,ꢪ,ꢪꣀ,sourashtra,,,'mai':1 'honey':2,eating|food|nourishment,मै|மை|mai|mai|mai|məɪ,,"{""""script"""":""""sourashtra"""",""""category"""":""""noun"""",""""type"""":""""abstract""""}"
^,,honey,english,,english,,eating|food|nourishment,,noun,
^,,தேன்,tamil,,tamil,'தன':1 'honey':2,eating|food|nourishment,மை,noun,
-,ꢪ,ꢪꢤꢸ,sourashtra,,,'ꢪꢤ':1 'madhu':2 'honey':3,eating|food|nourishment,मधु|மது4|madhu|madhu|madhu|məd̪ʰu,,"{""""script"""":""""sourashtra"""",""""category"""":""""noun"""",""""type"""":""""abstract""""}"
^,,honey,english,,english,,eating|food|nourishment,,noun,
^,,தேன்,tamil,,tamil,'தன':1 'honey':2,eating|food|nourishment,மது4,noun,
-,ꢡ,ꢡꢿꢥꢾ,sourashtra,,,'ꢡꢥ':1 'tene':2 'tenĕ':3 'honey':4,eating|food|nourishment,तेन॑|தேனெ|tene'|tenE|tenĕ|t̪eːn̪e,,"{""""script"""":""""sourashtra"""",""""category"""":""""noun"""",""""type"""":""""abstract""""}"
^,,honey,english,,english,,eating|food|nourishment,,noun,
^,,தேன்,tamil,,tamil,'தன':1 'honey':2,eating|food|nourishment,தேனெ,noun,
-,ꢡ,ꢡꢾꢥ꣄ꢡꢸꢭꣁ,sourashtra,,,'ꢡꢥꢡꢭ':1 'tentulo':2 'tĕntulŏ':3 'sweet':4 'prepared':5 'out':6 'rice':7 'flour':8 'jiggery':9 'fried':10 'oil':11 'prepare':12 'fry':13 'ழல':14,eating|food|nourishment,त॑न्दुला॑|தெந்துலொ|te'ntulo'|tEntulO|tĕntulŏ|t̪en̪t̪ulo,,"{""""script"""":""""sourashtra"""",""""category"""":""""noun"""",""""type"""":""""abstract""""}"
^,,"sweet prepared out of rice flour, jiggery fried in oil",english,,english,,eating|food|nourishment,,noun,
^,,தேன்குழல்,tamil,,tamil,'தனகழல':1 'sweet':2 'prepared':3 'out':4 'rice':5 'flour':6 'jiggery':7 'fried':8 'oil':9 'prepare':10 'fry':11 'ழல':12,eating|food|nourishment,தெந்துலொ,noun,
-,ꢜ,ꢜꢷ ꢦꢵꢥ꣄,sourashtra,,,'ꢜꢦꢥ':1 'teepaan':2 'tipan':3 'ṭīpān':4 'tea':5 'leaves':6 'leaf':7 'leave':8,eating|food|nourishment,ती पान|டீ பான்|t'ee paan|TI pAn|ṭī pān|ʈiː pɑːn̪,,"{""""script"""":""""sourashtra"""",""""category"""":""""noun"""",""""type"""":""""abstract""""}"
^,,tea leaves,english,,english,,eating|food|nourishment,,noun,
^,,தேயிலை,tamil,,tamil,'தயல':1 'tea':2 'leaves':3 'leaf':4 'leave':5,eating|food|nourishment,டீ பான்,noun,
-,ꢤ,ꢤꢶꢞꣁ,sourashtra,,,'ꢤꢞ':1 'dhido':2 'dhiḍŏ':3 'dosa':4 'pan':5 'cake':6 'with':7 'rice':8 'and':9 'black':10 'gram':11 'powder':12,eating|food|nourishment,धिडा॑|தி4டொ3|dhid'o'|dhiDO|dhiḍŏ|d̪ʰɪɖo,,"{""""script"""":""""sourashtra"""",""""category"""":""""noun"""",""""type"""":""""abstract""""}"
^,,"Dosa, A pan cake with rice and black gram powder",english,,english,,eating|food|nourishment,,noun,
^,,தோசை,tamil,,tamil,'தச':1 'dosa':2 'pan':3 'cake':4 'with':5 'rice':6 'and':7 'black':8 'gram':9 'powder':10,eating|food|nourishment,தி4டொ3,noun,
-,ꢜ,ꢜꢷ,sourashtra,,,'tee':1 'ti':2 'ṭī':3 'tea':4,eating|food|nourishment,टी|டீ|t'ee|TI|ṭī|ʈiː,,"{""""script"""":""""sourashtra"""",""""category"""":""""noun"""",""""type"""":""""abstract""""}"
^,,tea,english,,english,,eating|food|nourishment,,noun,
^,,தேனீர்,tamil,,tamil,'தனர':1 'tea':2,eating|food|nourishment,டீ,noun,
-,ꢡ,ꢡꢹꢦ꣄,sourashtra,,,'ꢡꢦ':1 'toop':2 'tup':3 'tūp':4 'ghee':5,eating|food|nourishment,तूप्|தூப்|toop|tUp|tūp|t̪uːp,,"{""""script"""":""""sourashtra"""",""""category"""":""""noun"""",""""type"""":""""abstract""""}"
^,,ghee,english,,english,,eating|food|nourishment,,noun,
^,,நெய்,tamil,,tamil,'நய':1 'ghee':2,eating|food|nourishment,தூப்,noun,
-,ꢲ,ꢲꣁꢭ꣄ꢭꢵ ꢓꢥꢶ,sourashtra,,,'ꢲꢭꢭꢓꢥ':1 'hollaakhani':2 'hollakhani':3 'hŏllākhani':4 'snacks':5 'snack':6,eating|food|nourishment,होल्ला खनि|ஹொல்லா க2னி|ho'llaa khani|hOllA khani|hŏllā khani|ɦollɑː kʰən̪ɪ,,"{""""script"""":""""sourashtra"""",""""category"""":""""noun"""",""""type"""":""""abstract""""}"
^,,snacks,english,,english,,eating|food|nourishment,,noun,
^,,நொறுக்குத்தீனி,tamil,,tamil,'நறககததன':1 'snacks':2 'snack':3,eating|food|nourishment,ஹொல்லா க2னி,noun,
-,ꢦ,ꢦꢒ꣄ꢒꣂꢜꣁ,sourashtra,,,'ꢦꢒꢒꢜ':1 'pakkoto':2 'pakkoṭŏ':3 'eatable':4 'prepared':5 'with':6 'bengal':7 'gram':8 'powder':9 'onion':10 'etc':11 'prepare':12 'பக':13,eating|food|nourishment,पक्कोटा|பக்கோடா|pakkot'o'|pakkoTO|pakkoṭŏ|pəkkoːʈo,,"{""""script"""":""""sourashtra"""",""""category"""":""""noun"""",""""type"""":""""abstract""""}"
^,,"an eatable prepared with Bengal gram powder, onion etc.",english,,english,,eating|food|nourishment,,noun,
^,,பக்கோடா,tamil,,tamil,'பககட':1 'eatable':2 'prepared':3 'with':4 'bengal':5 'gram':6 'powder':7 'onion':8 'etc':9 'prepare':10 'பக':11,eating|food|nourishment,பக்கோடா,noun,
-,ꢦ,ꢦꣁꢳ꣄ꢳꢵ ꢬꢾꢱ꣄ꢱꢸ,sourashtra,,,'ꢦꢳꢳꢬꢱꢱ':1 'pollaaressu':2 'pollaressu':3 'pŏllārĕssu':4 'fruit':5 'juice':6 'பழச':7,eating|food|nourishment,पा॑ळ्ळा र॑स्सु|பொள்ளாரெஸ்ஸு|po'l'l'aa re'ssu|pOLLA rEssu|pŏl̤l̤ā rĕssu|poɭɭɑː ɾes̪s̪u,,"{""""script"""":""""sourashtra"""",""""category"""":""""noun"""",""""type"""":""""abstract""""}"
^,,fruit juice,english,,english,,eating|food|nourishment,,noun,
^,,பழச்சாறு,tamil,,tamil,'பழசசற':1 'fruit':2 'juice':3 'பழச':4,eating|food|nourishment,பொள்ளாரெஸ்ஸு,noun,
-,ꢱ,ꢱꢶꢳ꣄ꢳ ꢩꢵꢡ꣄,sourashtra,,,'ꢱꢳꢳꢩꢡ':1 'sillabhaat':2 'sillabhat':3 'sillabhāt':4 'previous':5 'day':6 'பழ':7 'யம':8,eating|food|nourishment,सिळ्ळ भात्|ஸிள்ளபா4த்|sil'l'a bhaat|siLLa bhAt|sil̤l̤a bhāt|s̪ɪɭɭə bʰɑːt̪,,"{""""script"""":""""sourashtra"""",""""category"""":""""noun"""",""""type"""":""""abstract""""}"
^,,previous day,english,,english,,eating|food|nourishment,,noun,
^,,பழையமுது,tamil,,tamil,'பழயமத':1 'previous':2 'day':3 'பழ':4 'யம':5,eating|food|nourishment,ஸிள்ளபா4த்,noun,
-,ꢒ,ꢒꣁꢞꢸꢒ꣄,sourashtra,,,'ꢒꢞꢒ':1 'koduk':2 'kŏḍuk':3 'previous':4 'day':5 'பழங':6 'கஞ':7,eating|food|nourishment,का॑डुक|கொடு3க்|ko'd'uk|kODuk|kŏḍuk|koɖuk,,"{""""script"""":""""sourashtra"""",""""category"""":""""noun"""",""""type"""":""""abstract""""}"
^,,previous day,english,,english,,eating|food|nourishment,,noun,
^,,பழங்கஞ்சி,tamil,,tamil,'பழஙகஞச':1 'previous':2 'day':3 'பழங':4 'கஞ':5,eating|food|nourishment,கொடு3க்,noun,
-,ꢩ,ꢩꢙ꣄ꢙꢶ,sourashtra,,,'ꢩꢙꢙ':1 'bhajji':2 'bajji':3 'பஜ':4,eating|food|nourishment,भज्जि|ப4ஜ்ஜி|bhajji|bhajji|bhajji|bʰəd͡ʒd͡ʒɪ,,"{""""script"""":""""sourashtra"""",""""category"""":""""noun"""",""""type"""":""""abstract""""}"
^,,bajji,english,,english,,eating|food|nourishment,,noun,
^,,பஜ்ஜி,tamil,,tamil,'பஜஜ':1 'bajji':2 'பஜ':3,eating|food|nourishment,ப4ஜ்ஜி,noun,
-,ꢦ,ꢦꢵꢮ꣄,sourashtra,,,'ꢦꢮ':1 'paav':2 'pav':3 'pāv':4 'syrup':5 'jelly':6,eating|food|nourishment,पाव्|பாவ்|paav|pAv|pāv|pɑːʋ,,"{""""script"""":""""sourashtra"""",""""category"""":""""noun"""",""""type"""":""""abstract""""}"
^,,syrup or jelly,english,,english,,eating|food|nourishment,,noun,
^,,பாகு,tamil,,tamil,'பக':1 'syrup':2 'jelly':3,eating|food|nourishment,பாவ்,noun,
-,ꢦ,ꢦꢱꢪ꣄,sourashtra,,,'ꢦꢱꢪ':1 'pasam':2 'liquid':3 'sweet':4 'made':5 'out':6 'rice':7 'daal':8 'milk':9 'and':10 'jaggery':11 'make':12 'யசம':13,eating|food|nourishment,पसम्|பஸம்|pasam|pasam|pasam|pəs̪əm,,"{""""script"""":""""sourashtra"""",""""category"""":""""noun"""",""""type"""":""""abstract""""}"
^,,"liquid sweet made out of rice, daal, milk and jaggery",english,,english,,eating|food|nourishment,,noun,
^,,பாயசம்,tamil,,tamil,'பயசம':1 'liquid':2 'sweet':3 'made':4 'out':5 'rice':6 'daal':7 'milk':8 'and':9 'jaggery':10 'make':11 'யசம':12,eating|food|nourishment,பஸம்,noun,
-,ꢣ,ꢣꢹꢡ꣄,sourashtra,,,'ꢣꢡ':1 'doot':2 'dut':3 'dūt':4 'milk':5,eating|food|nourishment,दूत्|தூ3த்|doot|dUt|dūt|d̪uːt̪,,"{""""script"""":""""sourashtra"""",""""category"""":""""noun"""",""""type"""":""""abstract""""}"
^,,"milk,",english,,english,,eating|food|nourishment,,noun,
^,,பால்,tamil,,tamil,'பல':1 'milk':2,eating|food|nourishment,தூ3த்,noun,
-,ꢣ,ꢣꢹꢡ꣄ꢩꢿꢞꢵ ꢦꢵꢭ꣄ꢒꣁꢮꢵ,sourashtra,,,'ꢣꢡꢩꢞꢦꢭꢒꢮ':1 'dootbhedaapaalkovaa':2 'dutbhedapalkova':3 'dūtbheḍāpālkŏvā':4 'sweet':5 'made':6 'milk':7 'make':8,eating|food|nourishment,दूत्भेडा|தூ3த் பே4டா3|dootbhed'aa paalko'vaa|dUtbheDA pAlkOvA|dūtbheḍā pālkŏvā|d̪uːt̪bʰeːɖɑː pɑːlkoʋɑː,,"{""""script"""":""""sourashtra"""",""""category"""":""""noun"""",""""type"""":""""abstract""""}"
^,,sweet made of milk,english,,english,,eating|food|nourishment,,noun,
^,,பால்கோவா,tamil,,tamil,'பலகவ':1 'sweet':2 'made':3 'milk':4 'make':5,eating|food|nourishment,தூ3த் பே4டா3,noun,
-,ꢣ,ꢣꢹꢡ꣄ꢩꢿꢞꢵ ꢦꢵꢭ꣄ꢒꣁꢮꢵ,sourashtra,,,'ꢣꢡꢩꢞꢦꢭꢒꢮ':1 'dootbhedaapaalkovaa':2 'dutbhedapalkova':3 'dūtbheḍāpālkŏvā':4 'sweet':5 'made':6 'milk':7 'make':8,eating|food|nourishment,पल्का॑वा|பால்கொவா|dootbhed'aa paalko'vaa|dUtbheDA pAlkOvA|dūtbheḍā pālkŏvā|d̪uːt̪bʰeːɖɑː pɑːlkoʋɑː,,"{""""script"""":""""sourashtra"""",""""category"""":""""noun"""",""""type"""":""""abstract""""}"
^,,sweet made of milk,english,,english,,eating|food|nourishment,,noun,
^,,பால்கோவா,tamil,,tamil,'பலகவ':1 'sweet':2 'made':3 'milk':4 'make':5,eating|food|nourishment,பால்கொவா,noun,
-,ꢱ,ꢱꢵꢫ꣄,sourashtra,,,'ꢱꢫ':1 'saay':2 'say':3 'sāy':4 'cream':5,eating|food|nourishment,साय्|ஸாய்|saay|sAy|sāy|s̪ɑːj,,"{""""script"""":""""sourashtra"""",""""category"""":""""noun"""",""""type"""":""""abstract""""}"
^,,cream,english,,english,,eating|food|nourishment,,noun,
^,,பாலாடை,tamil,,tamil,'பலட':1 'cream':2,eating|food|nourishment,ஸாய்,noun,
-,ꢦ,ꢦꢶꢜ꣄ꢜꢸ,sourashtra,,,'ꢦꢜꢜ':1 'pittu':2 'piṭṭu':3 'eatable':4 'made':5 'out':6 'rice':7 'flour':8 'and':9 'coconut':10 'make':11,eating|food|nourishment,पिट्टु|பிட்டு|pit't'u|piTTu|piṭṭu|pɪʈʈu,,"{""""script"""":""""sourashtra"""",""""category"""":""""noun"""",""""type"""":""""abstract""""}"
^,,an eatable made out of rice flour and coconut,english,,english,,eating|food|nourishment,,noun,
^,,புட்டு,tamil,,tamil,'படட':1 'eatable':2 'made':3 'out':4 'rice':5 'flour':6 'and':7 'coconut':8 'make':9,eating|food|nourishment,பிட்டு,noun,
-,ꢨ,ꢨꣁꢱꢸꢭꢵ ꢩꢵꢡ꣄,sourashtra,,,'ꢨꢱꢭꢩꢡ':1 'bosulaabhaat':2 'bosulabhat':3 'bŏsulābhāt':4 'biriyani':5 'லவ':6,eating|food|nourishment,बा॑सुला भात्|பொ3ஸுலா பா4த்|bo'sulaa bhaat|bOsulA bhAt|bŏsulā bhāt|bos̪ulɑː bʰɑːt̪,,"{""""script"""":""""sourashtra"""",""""category"""":""""noun"""",""""type"""":""""abstract""""}"
^,,biriyani,english,,english,,eating|food|nourishment,,noun,
^,,புலவு,tamil,,tamil,'பலவ':1 'biriyani':2 'லவ':3,eating|food|nourishment,பொ3ஸுலா பா4த்,noun,
-,ꢱ,ꢱꢷꢱꢸ ꢂꢮ꣄ꢠ꣄ꢞꢶ,sourashtra,,,'ꢱꢱꢂꢮꢠꢞ':1 'seesuavndi':2 'sisuavndi':3 'sīsuavṇḍi':4 'curry':5 'with':6 'tamarind':7 'juice':8 'added':9 'add':10 'ழம':11,eating|food|nourishment,सीसु अव्ण्टि|சீஸு அம்டி|seesu avnd'i|sIsu avNDi|sīsu avṇḍi|s̪iːs̪u əʋɳɖɪ,,"{""""script"""":""""sourashtra"""",""""category"""":""""noun"""",""""type"""":""""abstract""""}"
^,,a curry with tamarind juice added,english,,english,,eating|food|nourishment,,noun,
^,,புளிக் குழம்பு,tamil,,tamil,'பளககழமப':1 'curry':2 'with':3 'tamarind':4 'juice':5 'added':6 'add':7 'ழம':8,eating|food|nourishment,சீஸு அம்டி,noun,
-,ꢣ,ꢣꢄ~  ꢬꢫ꣄ꢡꣁ,sourashtra,,,'ꢣꢄꢬꢫꢡ':1 'da_irayto':2 'daïraytŏ':3 'curry':4 'with':5 'curds':6 'curd':7 'பச':8 'சட':9,eating|food|nourishment,द॑इ~ रय्ता॑|தெ4இ~ரய்தொ|da_i~  rayto'|da_i~  raytO|daï~  raytŏ|d̪ə_ɪ~  ɾəjt̪o,,"{""""script"""":""""sourashtra"""",""""category"""":""""noun"""",""""type"""":""""abstract""""}"
^,,a curry with curds,english,,english,,eating|food|nourishment,,noun,
^,,பச்சடி,tamil,,tamil,'பசசட':1 'curry':2 'with':3 'curds':4 'curd':5 'பச':6 'சட':7,eating|food|nourishment,தெ4இ~ரய்தொ,noun,
-,ꢂ,ꢂꢪ꣄ꢦꢜ꣄ ꢩꢵꢡ꣄,sourashtra,,,'ꢂꢪꢦꢜꢩꢡ':1 'ampatbhaat':2 'ampatbhat':3 'ampaṭbhāt':4 'cooked':5 'rice':6 'with':7 'tamarind':8 'cook':9 'தர':10,eating|food|nourishment,अम्पट्भात्|அம்ப3ட் பா4த்|ampat' bhaat|ampaT bhAt|ampaṭ bhāt|əmpəʈ bʰɑːt̪,,"{""""script"""":""""sourashtra"""",""""category"""":""""noun"""",""""type"""":""""abstract""""}"
^,,cooked rice with tamarind,english,,english,,eating|food|nourishment,,noun,
^,,புளியோதரை,tamil,,tamil,'பளயதர':1 'cooked':2 'rice':3 'with':4 'tamarind':5 'cook':6 'தர':7,eating|food|nourishment,அம்ப3ட் பா4த்,noun,
-,ꢦ,ꢦꢹꢥ꣄ꢡꢶ,sourashtra,,,'ꢦꢥꢡ':1 'poonti':2 'punti':3 'pūnti':4 'sweet':5,eating|food|nourishment,बून्ति|பூ3ந்தி3|poonti|pUnti|pūnti|puːn̪t̪ɪ,,"{""""script"""":""""sourashtra"""",""""category"""":""""noun"""",""""type"""":""""abstract""""}"
^,,a sweet,english,,english,,eating|food|nourishment,,noun,
^,,பூந்தி,tamil,,tamil,'பநத':1 'sweet':2,eating|food|nourishment,பூ3ந்தி3,noun,
-,ꢦ,ꢦꣁꢖ꣄ꢒꢭ꣄,sourashtra,,,'ꢦꢖꢒꢭ':1 'ponkal':2 'pogkal':3 'pŏṅkal':4 'cooked':5 'rice':6 'with':7 'green':8 'gram':9 'daal':10 'cook':11 'கல':12,eating|food|nourishment,पा॑ङकल्|பொங்க3ல்|po'nkal|pOGkal|pŏṅkal|poŋkəl,,"{""""script"""":""""sourashtra"""",""""category"""":""""noun"""",""""type"""":""""abstract""""}"
^,,cooked rice with green gram daal,english,,english,,eating|food|nourishment,,noun,
^,,பொங்கல்,tamil,,tamil,'பஙகல':1 'cooked':2 'rice':3 'with':4 'green':5 'gram':6 'daal':7 'cook':8 'கல':9,eating|food|nourishment,பொங்க3ல்,noun,
-,ꢔ,ꢔꢸꢳ꣄ꢳꢾ ꢦꣁꢖ꣄ꢔ꣄ꢭ꣄,sourashtra,,,'ꢔꢳꢳꢦꢖꢔꢭ':1 'gullepongl':2 'gullepoggl':3 'gullĕpŏṅgl':4 'sweet':5 'poŋgal':6 'சர':7 'கர':8 'கல':9,eating|food|nourishment,गुळ्ळ॑ पा॑ङगल्|கு3ள்ளெ பொங்க3ல்|gul'l'e' po'ngl|guLLE pOGgl|gul̤l̤ĕ pŏṅgl|guɭɭe poŋgl,,"{""""script"""":""""sourashtra"""",""""category"""":""""noun"""",""""type"""":""""abstract""""}"
^,,sweet poŋgal,english,,english,,eating|food|nourishment,,noun,
^,,சர்க்கரைப் பொங்கல்,tamil,,tamil,'சரககரபபஙகல':1 'sweet':2 'poŋgal':3 'சர':4 'கர':5 'கல':6,eating|food|nourishment,கு3ள்ளெ பொங்க3ல்,noun,
-,ꢪ,ꢪꢸꢣ꣄ꢣꢵ ꢦꣁꢖ꣄ꢔ꣄ꢭ꣄,sourashtra,,,'ꢪꢣꢣꢦꢖꢔꢭ':1 'muddaapongl':2 'muddapoggl':3 'muddāpŏṅgl':4 'poŋgal':5 'with':6 'green':7 'gram':8 'daal':9 'and':10 'ghee':11 'கல':12,eating|food|nourishment,मुद्दा पा॑ङगल्|முத்3தா3 பொங்க3ல்|muddaa po'ngl|muddA pOGgl|muddā pŏṅgl|mud̪d̪ɑː poŋgl,,"{""""script"""":""""sourashtra"""",""""category"""":""""noun"""",""""type"""":""""abstract""""}"
^,,Poŋgal with green gram daal and ghee,english,,english,,eating|food|nourishment,,noun,
^,,வெண் பொங்கல்,tamil,,tamil,'வணபஙகல':1 'poŋgal':2 'with':3 'green':4 'gram':5 'daal':6 'and':7 'ghee':8 'கல':9,eating|food|nourishment,முத்3தா3 பொங்க3ல்,noun,
-,ꢒ,ꢒꢾꢬꢭ꣄,sourashtra,,,'ꢒꢬꢭ':1 'keral':2 'kĕral':3 'rice':4 'fried':5 'fry':6,eating|food|nourishment,प॑रल्|பெரால்|ke'ral|kEral|kĕral|keɾəl,,"{""""script"""":""""sourashtra"""",""""category"""":""""noun"""",""""type"""":""""abstract""""}"
^,,rice-fried,english,,english,,eating|food|nourishment,,noun,
^,,பொரி,tamil,,tamil,'பர':1 'rice':2 'fried':3 'fry':4,eating|food|nourishment,பெரால்,noun,
-,ꢔ,ꢔꢸꢳ꣄ꢳꢾ ꢦꢾꢬꢵꢭ꣄,sourashtra,,,'ꢔꢳꢳꢦꢬꢭ':1 'gulleperaal':2 'gulleperal':3 'gullĕpĕrāl':4 'sweet':5 'rice':6 'fried':7 'fry':8 'இன':9,eating|food|nourishment,गुळ्ळ॑ प॑राल्|கு3ள்ளெபெரால்|gul'l'e' pe'raal|guLLE pErAl|gul̤l̤ĕ pĕrāl|guɭɭe peɾɑːl,,"{""""script"""":""""sourashtra"""",""""category"""":""""noun"""",""""type"""":""""abstract""""}"
^,,sweet rice fried,english,,english,,eating|food|nourishment,,noun,
^,,இனிப்புபொரி,tamil,,tamil,'இனபபபர':1 'sweet':2 'rice':3 'fried':4 'fry':5 'இன':6,eating|food|nourishment,கு3ள்ளெபெரால்,noun,
-,ꢒ,ꢒꢫ꣄ꢭꣁ ꢒꢾꢱꢸꢬ꣄,sourashtra,,,'ꢒꢫꢭꢒꢱꢬ':1 'kaylokesur':2 'kaylŏkĕsur':3 'fried':4 'vegetable':5 'meat':6 'fry':7 'யல':8,eating|food|nourishment,कय्ल केसुर्पोळ्टिनि|கய்லகெஸுர்பொள்டினி|kaylo' ke'sur|kaylO kEsur|kaylŏ kĕsur|kəjlo kes̪uɾ,,"{""""script"""":""""sourashtra"""",""""category"""":""""noun"""",""""type"""":""""abstract""""}"
^,,fried vegetable /meat,english,,english,,eating|food|nourishment,,noun,
^,,பொரியல்,tamil,,tamil,'பரயல':1 'fried':2 'vegetable':3 'meat':4 'fry':5 'யல':6,eating|food|nourishment,கய்லகெஸுர்பொள்டினி,noun,
-,ꢦ,ꢦꣁꢳ꣄꣄ꢜꢶꢥꢶ,sourashtra,,,'ꢦꢳꢜꢥ':1 'poltini':2 'pŏlṭini':3 'fried':4 'vegetable':5 'meat':6 'fry':7 'யல':8,eating|food|nourishment,पोळ्ट॑ चैनो|பொள்டெசைனொ|po'l't'ini|pOLTini|pŏl̤ṭini|poɭʈɪn̪ɪ,,"{""""script"""":""""sourashtra"""",""""category"""":""""noun"""",""""type"""":""""abstract""""}"
^,,fried vegetable /meat,english,,english,,eating|food|nourishment,,noun,
^,,பொரியல்,tamil,,tamil,'பரயல':1 'fried':2 'vegetable':3 'meat':4 'fry':5 'யல':6,eating|food|nourishment,பொள்டெசைனொ,noun,
-,ꢦ,ꢦꣁꢳ꣄꣄ꢜꢾ ꢗꢥꣁ,sourashtra,,,'ꢦꢳꢜꢗꢥ':1 'poltechano':2 'poltecano':3 'pŏlṭĕcanŏ':4 'fried':5 'vegetable':6 'meat':7 'fry':8 'யல':9,eating|food|nourishment,पोळ्ट॑ चैनो|பொள்டெசைனொ|po'l't'e' chano'|pOLTE canO|pŏl̤ṭĕ canŏ|poɭʈe t͡ʃən̪o,,"{""""script"""":""""sourashtra"""",""""category"""":""""noun"""",""""type"""":""""abstract""""}"
^,,fried vegetable /meat,english,,english,,eating|food|nourishment,,noun,
^,,பொரியல்,tamil,,tamil,'பரயல':1 'fried':2 'vegetable':3 'meat':4 'fry':5 'யல':6,eating|food|nourishment,பொள்டெசைனொ,noun,
-,ꢦ,ꢦꣂꢠ꣄ꢜꢵ,sourashtra,,,'ꢦꢠꢜ':1 'pontaa':2 'ponta':3 'poṇṭā':4 'bonda':5,eating|food|nourishment,पोण्टा|போ3ண்டா|pont'aa|poNTA|poṇṭā|poːɳʈɑː,,"{""""script"""":""""sourashtra"""",""""category"""":""""noun"""",""""type"""":""""abstract""""}"
^,,bonda,english,,english,,eating|food|nourishment,,noun,
^,,போண்டா,tamil,,tamil,'பணட':1 'bonda':2,eating|food|nourishment,போ3ண்டா,noun,
-,ꢨ,ꢨꣂꢳꢶ,sourashtra,,,'ꢨꢳ':1 'boli':2 'sweet':3,eating|food|nourishment,बोळि|போ3ளி|bol'i|boLi|bol̤i|boːɭɪ,,"{""""script"""":""""sourashtra"""",""""category"""":""""noun"""",""""type"""":""""abstract""""}"
^,,a sweet,english,,english,,eating|food|nourishment,,noun,
^,,போளி,tamil,,tamil,'பள':1 'sweet':2,eating|food|nourishment,போ3ளி,noun,
-,ꢗ,ꢗꣀꢥꣁ,sourashtra,,,'ꢗꢥ':1 'chaino':2 'caino':3 'cainŏ':4 'meat':5 'சம':6,eating|food|nourishment,चैना॑|சைனொ|chaino'|cainO|cainŏ|t͡ʃəɪn̪o,,"{""""script"""":""""sourashtra"""",""""category"""":""""noun"""",""""type"""":""""abstract""""}"
^,,meat,english,,english,,eating|food|nourishment,,noun,
^,,மாமிசம்,tamil,,tamil,'மமசம':1 'meat':2 'சம':3,eating|food|nourishment,சைனொ,noun,
-,ꢪ,ꢪꢵꢪ꣄ꢱꢸ,sourashtra,,,'ꢪꢪꢱ':1 'maamsu':2 'mamsu':3 'māmsu':4 'meat':5 'சம':6,eating|food|nourishment,माम्सु|மாம்ஸு|maamsu|mAmsu|māmsu|mɑːms̪u,,"{""""script"""":""""sourashtra"""",""""category"""":""""noun"""",""""type"""":""""abstract""""}"
^,,meat,english,,english,,eating|food|nourishment,,noun,
^,,மாமிசம்,tamil,,tamil,'மமசம':1 'meat':2 'சம':3,eating|food|nourishment,மாம்ஸு,noun,
-,ꢦ,ꢦꢷꢜ꣄,sourashtra,,,'ꢦꢜ':1 'peet':2 'pit':3 'pīṭ':4 'flour':5,eating|food|nourishment,पीट्|பீட்|peet'|pIT|pīṭ|piːʈ,,"{""""script"""":""""sourashtra"""",""""category"""":""""noun"""",""""type"""":""""abstract""""}"
^,,flour,english,,english,,eating|food|nourishment,,noun,
^,,மாவு,tamil,,tamil,'மவ':1 'flour':2,eating|food|nourishment,பீட்,noun,
-,ꢪ,ꢪꢬ꣄ꢒꢫ꣄ꢭꢵ ꢨꢸꢬ꣄ꢒꣁ,sourashtra,,,'ꢪꢬꢒꢫꢭꢨꢬꢒ':1 'markaylaaburko':2 'markaylaburko':3 'markaylāburkŏ':4 'red':5 'chilly':6 'powder':7 'ளக':8,eating|food|nourishment,मर्कय्ला बुर्का॑|மிரிகய்லாபு4ர்கொ|markaylaa burko'|markaylA burkO|markaylā burkŏ|məɾkəjlɑː buɾko,,"{""""script"""":""""sourashtra"""",""""category"""":""""noun"""",""""type"""":""""abstract""""}"
^,,red chilly powder,english,,english,,eating|food|nourishment,,noun,
^,,மிளகாய்ப்பொடி,tamil,,tamil,'மளகயபபட':1 'red':2 'chilly':3 'powder':4 'ளக':5,eating|food|nourishment,மிரிகய்லாபு4ர்கொ,noun,
-,ꢪ,ꢪꢴꢳꢶ ꢂꢪ꣄ꢜꢶ,sourashtra,,,'ꢪꢳꢂꢪꢜ':1 'mhaliamti':2 'mhaliamṭi':3 'fish':4 'curry':5 'கற':6,eating|food|nourishment,म्हळि अम्टि|ம:ளி அம்டி|mhal'i amt'i|mhaLi amTi|mhal̤i amṭi|mɦəɭɪ əmʈɪ,,"{""""script"""":""""sourashtra"""",""""category"""":""""noun"""",""""type"""":""""abstract""""}"
^,,fish curry,english,,english,,eating|food|nourishment,,noun,
^,,மீன்கறி,tamil,,tamil,'மனகற':1 'fish':2 'curry':3 'கற':4,eating|food|nourishment,ம:ளி அம்டி,noun,
-,ꢂ,ꢂꢠ꣄ꢜꢵ ꢂꢪ꣄ꢜꢶ,sourashtra,,,'ꢂꢠꢜꢂꢪꢜ':1 'antaaamti':2 'antaamti':3 'aṇṭāamṭi':4 'egg':5 'curry':6 'கற':7,eating|food|nourishment,अण्डा अम्टि|அண்டா3 அம்டி|ant'aa amt'i|aNTA amTi|aṇṭā amṭi|əɳʈɑː əmʈɪ,,"{""""script"""":""""sourashtra"""",""""category"""":""""noun"""",""""type"""":""""abstract""""}"
^,,egg curry,english,,english,,eating|food|nourishment,,noun,
^,,முட்டைக்கறி,tamil,,tamil,'மடடககற':1 'egg':2 'curry':3 'கற':4,eating|food|nourishment,அண்டா3 அம்டி,noun,
-,ꢂ,ꢂꢠ꣄ꢞꢵ ꢤꢶꢞꣁ,sourashtra,,,'ꢂꢠꢞꢤꢞ':1 'andaadhido':2 'andadhido':3 'aṇḍādhiḍŏ':4 'egg':5 'dosa':6,eating|food|nourishment,अण्डा धिडा॑|அண்டா3தி4டொ3|and'aa dhid'o'|aNDA dhiDO|aṇḍā dhiḍŏ|əɳɖɑː d̪ʰɪɖo,,"{""""script"""":""""sourashtra"""",""""category"""":""""noun"""",""""type"""":""""abstract""""}"
^,,egg dosa,english,,english,,eating|food|nourishment,,noun,
^,,முட்டைத் தோசை,tamil,,tamil,'மடடததச':1 'egg':2 'dosa':3,eating|food|nourishment,அண்டா3தி4டொ3,noun,
-,ꢗ,ꢗꢫ꣄ꢭꢶ,sourashtra,,,'ꢗꢫꢭ':1 'chayli':2 'cayli':3 'eatable':4 'with':5 'rice':6 'and':7 'gram':8 'flour':9,eating|food|nourishment,चय्लि|சைலி|chayli|cayli|cayli|t͡ʃəjlɪ,,"{""""script"""":""""sourashtra"""",""""category"""":""""noun"""",""""type"""":""""abstract""""}"
^,,an eatable with rice and gram flour,english,,english,,eating|food|nourishment,,noun,
^,,முறுக்கு,tamil,,tamil,'மறகக':1 'eatable':2 'with':3 'rice':4 'and':5 'gram':6 'flour':7,eating|food|nourishment,சைலி,noun,
-,ꢡ,ꢡꢾꢥ꣄ꢡꢸꢭꣁ,sourashtra,,,'ꢡꢥꢡꢭ':1 'tentulo':2 'tĕntulŏ':3 'eatable':4 'with':5 'rice':6 'and':7 'gram':8 'flour':9,eating|food|nourishment,त॑न्दुला॑|தெந்துலொ|te'ntulo'|tEntulO|tĕntulŏ|t̪en̪t̪ulo,,"{""""script"""":""""sourashtra"""",""""category"""":""""noun"""",""""type"""":""""abstract""""}"
^,,an eatable with rice and gram flour,english,,english,,eating|food|nourishment,,noun,
^,,முறுக்கு,tamil,,tamil,'மறகக':1 'eatable':2 'with':3 'rice':4 'and':5 'gram':6 'flour':7,eating|food|nourishment,தெந்துலொ,noun,
-,ꢂ,ꢂꢗ꣄ꢗꢸ ꢡꢾꢥ꣄ꢡꢸꢭꣁ,sourashtra,,,'ꢂꢗꢗꢡꢥꢡꢭ':1 'achchutentulo':2 'accutentulo':3 'accutĕntulŏ':4 'murukku':5 'prepared':6 'machine':7 'prepare':8 'அச':9,eating|food|nourishment,अच्चु त॑न्दुला॑|அச்சு தெந்துலொ|achchu te'ntulo'|accu tEntulO|accu tĕntulŏ|ət͡ʃt͡ʃu t̪en̪t̪ulo,,"{""""script"""":""""sourashtra"""",""""category"""":""""noun"""",""""type"""":""""abstract""""}"
^,,murukku prepared by machine,english,,english,,eating|food|nourishment,,noun,
^,,அச்சு முறுக்கு,tamil,,tamil,'அசசமறகக':1 'murukku':2 'prepared':3 'machine':4 'prepare':5 'அச':6,eating|food|nourishment,அச்சு தெந்துலொ,noun,
-,ꢲ,ꢲꢵꢡꢸ ꢡꢾꢥ꣄ꢡꢸꢭꣁ,sourashtra,,,'ꢲꢡꢡꢥꢡꢭ':1 'haatutentulo':2 'hatutentulo':3 'hātutĕntulŏ':4 'murukku':5 'prepared':6 'hand':7 'prepare':8,eating|food|nourishment,हातु त॑न्दुला॑|ஹாது தெந்துலொ|haatu te'ntulo'|hAtu tEntulO|hātu tĕntulŏ|ɦɑːt̪u t̪en̪t̪ulo,,"{""""script"""":""""sourashtra"""",""""category"""":""""noun"""",""""type"""":""""abstract""""}"
^,,murukku prepared by hand,english,,english,,eating|food|nourishment,,noun,
^,,கை முறுக்கு,tamil,,tamil,'கமறகக':1 'murukku':2 'prepared':3 'hand':4 'prepare':5,eating|food|nourishment,ஹாது தெந்துலொ,noun,
